txn_id,account,amount,currency,value_date,counterparty
TX0,ACC66254,6780.45,EUR,2026-12-22,CP2968
TX1,ACC78708,7312.01,EUR,2026-01-28,CP3911
TX2,ACC38279,6507.39,EUR,2026-12-14,CP2842
TX3,ACC5239,7987.19,USD,2026-01-05,CP2400
TX4,ACC63891,3780.74,EUR,2026-05-05,CP4535
TX5,ACC46325,1456.47,EUR,2026-12-31,CP3880
TX6,ACC58289,4743.96,USD,2026-08-31,CP4276
TX7,ACC36844,3541.95,EUR,2026-07-10,CP1452
TX8,ACC50525,8571.58,EUR,2026-03-06,CP4896
TX9,ACC4529,3868.21,EUR,2026-08-24,CP4347
TX10,ACC64396,9497.21,EUR,2026-05-30,CP1980
TX11,ACC11787,9041.77,GBP,2026-02-04,CP786
TX12,ACC13598,5136.02,USD,2026-09-23,CP4406
TX13,ACC3740,1733.27,EUR,2026-01-07,CP4359
TX14,ACC49772,965.67,EUR,2026-12-23,CP795
TX15,ACC97792,7773.35,EUR,2026-04-19,CP2441
TX16,ACC38602,8329.86,GBP,2026-07-17,CP123
TX17,ACC377,5336.58,EUR,2026-08-26,CP3281
TX18,ACC53305,9781.57,USD,2026-07-26,CP2201
TX19,ACC39461,955.91,GBP,2026-10-01,CP2590
TX20,ACC78919,2492.88,EUR,2026-05-06,CP4910
TX21,ACC47642,6163.62,GBP,2026-06-17,CP929
TX22,ACC55921,4182.76,EUR,2026-10-03,CP2884
TX23,ACC88109,1864.21,USD,2026-03-03,CP1659
TX24,ACC14519,6761.1,GBP,2026-05-05,CP2659
TX25,ACC79368,1180.36,GBP,2026-07-30,CP4058
TX26,ACC352,6306.37,EUR,2026-06-23,CP2882
TX27,ACC61511,4733.85,EUR,2026-06-22,CP445
TX28,ACC65610,2722.43,GBP,2026-05-20,CP358
TX29,ACC48359,84.28,USD,2026-12-20,CP4959
TX30,ACC82403,5559.77,USD,2026-03-14,CP4683
TX31,ACC63273,8827.25,USD,2026-01-20,CP2567
TX32,ACC31048,3598.46,USD,2026-03-07,CP4997
TX33,ACC83680,1053.8,USD,2026-07-13,CP1328
TX34,ACC62307,5958.67,EUR,2026-11-23,CP1550
TX35,ACC86382,796.28,EUR,2026-02-17,CP4549
TX36,ACC81988,7082.81,GBP,2026-12-17,CP2610
TX37,ACC94116,6546.5,EUR,2026-12-20,CP1738
TX38,ACC85237,5540.97,GBP,2026-01-26,CP4919
TX39,ACC87622,2674.01,GBP,2026-06-01,CP4272
TX40,ACC88356,4091.5,USD,2026-05-19,CP4585
TX41,ACC33840,8432.84,EUR,2026-05-07,CP3302
TX42,ACC65623,2904.89,USD,2026-12-28,CP2651
TX43,ACC79536,9664.48,USD,2026-10-20,CP457
TX44,ACC75411,9165.49,GBP,2026-08-06,CP516
TX45,ACC21114,1065.47,EUR,2026-04-27,CP185
TX46,ACC64492,5024.08,USD,2026-09-11,CP1809
TX47,ACC55950,7525.88,EUR,2026-01-30,CP514
TX48,ACC25873,5164.13,USD,2026-11-07,CP1521
TX49,ACC81295,4870.49,GBP,2026-10-13,CP946
TX50,ACC70529,3404.29,EUR,2026-04-13,CP1069
TX51,ACC29501,101.1,USD,2026-11-09,CP3566
TX52,ACC96217,2550.89,GBP,2026-04-13,CP3012
TX53,ACC70335,912.48,USD,2026-07-16,CP3730
TX54,ACC26624,3673.24,USD,2026-09-05,CP4443
TX55,ACC35720,3717.81,GBP,2026-07-12,CP2609
TX56,ACC1,-5.00,EUR,2026-02-01,CP1
TX57,ACC9205,3491.35,USD,2026-08-10,CP1018
TX58,ACC2866,1329.1,GBP,2026-12-24,CP628
TX59,ACC91478,1731.34,EUR,2026-02-17,CP1079
TX60,ACC15112,1406.84,EUR,2026-08-13,CP1343
TX61,ACC3513,5864.1,EUR,2026-05-19,CP609
TX62,ACC71358,3917.03,EUR,2026-11-23,CP1180
TX63,ACC51719,2751.15,EUR,2026-01-30,CP1820
TX64,ACC23590,1718.07,GBP,2026-03-17,CP3047
TX65,ACC17894,2419.36,USD,2026-11-02,CP4536
TX66,ACC47127,2508.17,EUR,2026-08-29,CP2109
TX67,ACC2927,2722.94,GBP,2026-03-31,CP3878
TX68,ACC89020,598.88,EUR,2026-07-30,CP2739
TX69,ACC42398,3949.04,GBP,2026-11-23,CP4382
TX70,ACC10083,7328.82,USD,2026-08-05,CP2502
TX71,ACC9887,9086.62,EUR,2026-08-20,CP3205
TX72,ACC87822,4476.74,GBP,2026-11-11,CP692
TX73,ACC89397,2645.95,USD,2026-11-18,CP2630
TX74,ACC67282,5497.53,EUR,2026-03-28,CP1831
TX75,ACC41643,9983.76,GBP,2026-07-26,CP3359
TX76,ACC79062,8835.1,EUR,2026-01-15,CP4659
TX77,ACC17116,232.09,GBP,2026-05-08,CP2175
TX78,ACC9529,2076.47,GBP,2026-12-29,CP4817
TX79,ACC45089,2786.54,EUR,2026-11-01,CP1352
TX80,ACC48011,9013.35,USD,2026-03-02,CP3278
TX81,ACC86757,3552.67,USD,2026-10-02,CP388
TX82,ACC10732,746.75,GBP,2026-12-25,CP1742
TX83,ACC13407,4195.15,GBP,2026-08-07,CP1087
TX84,ACC78482,8251.95,GBP,2026-08-11,CP1080
TX85,ACC27783,9249.72,GBP,2026-02-25,CP4643
TX86,ACC78919,5109.98,GBP,2026-12-16,CP2021
TX87,ACC21544,2902.45,USD,2026-02-23,CP1180
TX88,ACC29166,9534.28,USD,2026-10-18,CP2964
TX89,ACC17158,7306.89,GBP,2026-07-09,CP570
TX90,ACC85150,1593.42,USD,2026-08-21,CP3629
TX91,ACC92667,8461.9,EUR,2026-09-05,CP1901
TX92,ACC1,10.00,EUR,2026-02-01
TX93,ACC44701,6567.13,GBP,2026-08-09,CP3328
TX94,ACC1,10.00,EUR,2026-02-01
TX95,ACC96907,1225.63,GBP,2026-03-26,CP1016
TX96,ACC48738,5402.11,GBP,2026-03-15,CP4192
TX97,ACC79993,5918.93,GBP,2026-04-17,CP894
TX98,ACC90059,9473.44,EUR,2026-09-04,CP1233
TX99,ACC79431,602.87,GBP,2026-01-25,CP1587
TX100,ACC64990,3522.22,EUR,2026-09-26,CP4383
TX101,ACC67202,6309.22,EUR,2026-12-16,CP3280
TX102,ACC65975,1830.51,EUR,2026-12-10,CP1274
TX103,ACC67631,1193.62,USD,2026-02-08,CP264
TX104,ACC41152,4318.23,EUR,2026-03-25,CP951
TX105,ACC94516,9568.16,GBP,2026-11-03,CP2272
TX106,ACC54661,8016.33,EUR,2026-08-03,CP4632
TX107,ACC24015,6903.74,EUR,2026-01-21,CP3848
TX108,ACC81943,548.19,EUR,2026-04-15,CP296
TX109,ACC22589,1650.73,GBP,2026-02-24,CP4128
TX110,ACC87839,8981.93,GBP,2026-02-23,CP2392
TX111,ACC66665,7846.97,EUR,2026-01-02,CP2231
TX112,ACC82208,3579.23,EUR,2026-04-28,CP4205
TX113,ACC60233,4818.17,EUR,2026-09-07,CP687
TX114,ACC1,10.00,XXX,2026-02-01,CP1
TX115,ACC75175,1441.21,EUR,2026-04-29,CP828
TX116,ACC57782,4851.66,EUR,2026-03-21,CP3362
TX117,ACC57728,3336.26,USD,2026-05-22,CP727
TX118,ACC11252,7021.73,EUR,2026-01-19,CP4244
TX119,ACC64548,5986.06,GBP,2026-07-14,CP4200
TX120,ACC88383,5187.73,EUR,2026-07-05,CP1260
TX121,ACC48174,4923.02,EUR,2026-01-22,CP4262
TX122,ACC99747,3280.37,USD,2026-06-08,CP3599
TX123,ACC68418,8957.05,EUR,2026-11-15,CP2391
TX124,ACC35156,3189.48,GBP,2026-03-20,CP4186
TX125,ACC7607,8953.8,USD,2026-02-07,CP1508
TX126,ACC7057,2748.91,GBP,2026-09-05,CP2853
TX127,ACC98102,6294.37,GBP,2026-07-18,CP4402
TX128,ACC5746,9866.74,USD,2026-06-13,CP1902
TX129,ACC20230,9517.79,USD,2026-09-26,CP3996
TX130,ACC99055,2788.94,USD,2026-07-13,CP3694
TX131,ACC80865,1018.96,GBP,2026-01-05,CP4300
TX132,ACC21670,4632.96,USD,2026-10-07,CP920
TX133,ACC53876,585.04,USD,2026-07-29,CP3249
TX134,ACC18528,1587.52,GBP,2026-09-05,CP3326
TX135,ACC92479,7441.81,GBP,2026-06-22,CP4174
TX136,ACC31836,6384.54,EUR,2026-10-27,CP4036
TX137,ACC60018,5995.8,GBP,2026-12-07,CP3524
TX138,ACC58970,7479.29,USD,2026-10-16,CP790
TX139,ACC64230,7902.27,EUR,2026-06-06,CP3440
TX140,ACC87689,6106.93,EUR,2026-04-21,CP1766
TX141,ACC90926,5132.16,USD,2026-01-01,CP3848
TX142,ACC22753,1412.51,EUR,2026-09-18,CP3484
TX143,ACC52405,5921.41,USD,2026-03-23,CP1531
TX144,ACC59295,2780.2,GBP,2026-02-28,CP2155
TX145,ACC46326,9832.73,EUR,2026-03-22,CP109
TX146,ACC85831,7131.28,GBP,2026-06-21,CP3888
TX147,ACC3566,7947.01,GBP,2026-06-08,CP1756
TX148,ACC25496,150.84,USD,2026-11-02,CP3420
TX149,ACC41668,8743.37,USD,2026-03-09,CP4666
TX150,ACC27656,3257.6,GBP,2026-04-25,CP4228
TX151,ACC19210,9804.86,USD,2026-07-03,CP875
TX152,ACC33283,6378.79,EUR,2026-11-13,CP2073
TX153,ACC14815,9713.49,EUR,2026-11-02,CP3958
TX154,ACC36586,3716.14,GBP,2026-06-03,CP3856
TX155,ACC1,10.00,XXX,2026-02-01,CP1
TX156,ACC83847,6901.07,USD,2026-12-13,CP3456
TX157,ACC77487,4856.65,EUR,2026-05-09,CP4502
TX158,ACC23235,7082.0,USD,2026-04-07,CP1163
TX159,ACC32063,3470.42,EUR,2026-01-27,CP3671
TX160,ACC74860,1974.27,GBP,2026-04-19,CP2347
TX161,ACC62544,3921.05,GBP,2026-05-08,CP3205
TX162,ACC63365,4629.32,GBP,2026-01-01,CP1156
TX163,ACC64194,7166.21,GBP,2026-08-20,CP3202
TX164,ACC669,6069.04,USD,2026-04-24,CP3783
TX165,ACC1049,1128.88,EUR,2026-06-19,CP3249
TX166,ACC13740,2181.96,EUR,2026-10-26,CP2809
TX167,ACC27548,6620.29,GBP,2026-10-10,CP2493
TX168,ACC1,10.00,XXX,2026-02-01,CP1
TX169,ACC90047,2492.04,EUR,2026-10-03,CP323
TX170,ACC63728,5893.45,USD,2026-09-17,CP4035
TX171,ACC74203,7618.52,GBP,2026-06-21,CP4830
TX172,ACC59746,2889.17,GBP,2026-01-30,CP4311
TX173,ACC21835,4794.72,GBP,2026-08-16,CP3265
TX174,ACC17202,5302.21,USD,2026-05-09,CP3757
TX175,ACC94143,4251.41,GBP,2026-05-24,CP559
TX176,ACC63486,3196.13,GBP,2026-01-11,CP177
TX177,ACC61142,9883.58,EUR,2026-09-09,CP4886
TX178,ACC88256,1049.09,EUR,2026-08-15,CP4178
TX179,ACC82673,7960.9,EUR,2026-03-25,CP2955
TX180,ACC22818,1863.62,GBP,2026-10-12,CP3099
TX181,ACC17986,6634.7,USD,2026-06-27,CP4029
TX182,ACC9449,4865.08,GBP,2026-11-07,CP4080
TX183,ACC31017,734.58,USD,2026-06-20,CP3359
TX184,ACC91389,807.91,GBP,2026-08-31,CP2036
TX185,ACC75358,728.67,EUR,2026-05-09,CP2437
TX186,ACC9810,7071.61,GBP,2026-02-08,CP1130
TX187,ACC139,8101.59,GBP,2026-09-29,CP2363
TX188,ACC55441,5113.04,GBP,2026-12-13,CP4982
TX189,ACC2055,6951.9,EUR,2026-11-11,CP4747
TX190,ACC40020,7241.25,EUR,2026-02-17,CP1105
TX191,ACC49112,959.83,EUR,2026-04-22,CP332
TX192,ACC48093,6773.22,GBP,2026-12-08,CP1529
TX193,ACC35985,7801.0,EUR,2026-03-24,CP1479
TX194,ACC9687,3013.46,USD,2026-04-18,CP4545
TX195,ACC59882,6253.5,GBP,2026-09-17,CP1630
TX196,ACC40843,9608.03,EUR,2026-07-12,CP2534
TX197,ACC56110,585.45,GBP,2026-05-26,CP3959
TX198,ACC67828,5600.71,USD,2026-07-24,CP894
TX199,ACC62947,7282.9,GBP,2026-12-27,CP4414
TX200,ACC93953,2820.44,EUR,2026-08-26,CP3005
TX201,ACC3603,5073.84,EUR,2026-04-10,CP959
TX202,ACC84497,4842.98,USD,2026-06-20,CP1026
TX203,ACC95562,7903.88,USD,2026-02-18,CP4044
TX204,ACC62285,2092.5,GBP,2026-05-07,CP2909
TX205,ACC77435,1070.77,EUR,2026-09-07,CP4337
TX206,ACC42141,4203.1,GBP,2026-01-30,CP1445
TX207,ACC86492,3157.59,GBP,2026-04-17,CP4526
TX208,ACC59697,5745.65,GBP,2026-07-16,CP1817
TX209,ACC82385,6047.13,EUR,2026-05-16,CP3113
TX210,ACC4628,5919.87,USD,2026-04-09,CP1552
TX211,ACC26915,2079.9,USD,2026-08-12,CP2455
TX212,ACC12373,6770.72,EUR,2026-06-05,CP554
TX213,ACC9270,1625.77,EUR,2026-12-30,CP352
TX214,ACC13653,7042.12,USD,2026-06-06,CP1151
TX215,ACC53261,3083.83,USD,2026-12-21,CP4198
TX216,ACC31603,4142.23,EUR,2026-04-17,CP1492
TX217,ACC40259,123.15,USD,2026-10-22,CP4330
TX218,ACC88646,151.71,EUR,2026-12-31,CP89
TX219,ACC63811,7502.95,USD,2026-07-09,CP3564
TX220,ACC48101,6653.83,EUR,2026-03-01,CP4008
TX221,ACC94772,2581.9,GBP,2026-04-30,CP3978
TX222,ACC90706,1539.69,GBP,2026-06-28,CP3902
TX223,ACC44061,7396.9,GBP,2026-09-06,CP2926
TX224,ACC43539,9184.87,EUR,2026-03-01,CP2058
TX225,ACC63563,7511.49,EUR,2026-10-24,CP4594
TX226,ACC385,4650.57,GBP,2026-12-03,CP2101
TX227,ACC2646,7336.09,EUR,2026-11-07,CP4841
TX228,ACC57376,1728.85,GBP,2026-01-20,CP1209
TX229,ACC34037,9392.48,GBP,2026-01-07,CP3000
TX230,ACC7454,1610.82,USD,2026-05-01,CP3615
TX231,ACC92777,9421.27,USD,2026-01-11,CP4172
TX232,ACC7259,4919.48,GBP,2026-06-25,CP4505
TX233,ACC36276,5881.19,EUR,2026-09-03,CP3436
TX234,ACC81871,6560.52,EUR,2026-07-22,CP3476
TX235,ACC41919,2588.88,USD,2026-07-09,CP2639
TX236,ACC84586,8659.78,GBP,2026-01-19,CP2335
TX237,ACC84801,2036.19,USD,2026-10-16,CP910
TX238,ACC65781,1805.8,USD,2026-06-21,CP1841
TX239,ACC5355,4068.39,GBP,2026-06-16,CP3953
TX240,ACC19898,2112.14,USD,2026-04-05,CP2272
TX241,ACC84661,6088.1,USD,2026-09-13,CP3283
TX242,ACC74763,1480.09,EUR,2026-11-03,CP1020
TX243,ACC22173,9143.95,GBP,2026-10-20,CP3719
TX244,ACC56778,7567.75,EUR,2026-06-05,CP1733
TX245,ACC84299,1644.95,EUR,2026-08-23,CP2623
TX246,ACC89731,7330.57,USD,2026-06-02,CP2253
TX247,ACC51447,4566.3,EUR,2026-02-26,CP4033
TX248,ACC79871,7894.55,EUR,2026-07-22,CP87
TX249,ACC55980,6775.88,EUR,2026-05-08,CP341
TX250,ACC41157,9194.05,USD,2026-01-31,CP1337
TX251,ACC19784,7113.15,GBP,2026-11-10,CP1760
TX252,ACC89034,6658.86,USD,2026-03-03,CP4411
TX253,ACC80207,8893.01,EUR,2026-09-18,CP4931
TX254,ACC54121,2570.95,EUR,2026-06-02,CP2924
TX255,ACC69018,7690.34,GBP,2026-04-23,CP4066
TX256,ACC57341,3757.64,GBP,2026-09-28,CP4402
TX257,ACC44483,3781.38,EUR,2026-02-08,CP3786
TX258,ACC45628,4244.29,EUR,2026-04-20,CP2668
TX259,ACC31665,9100.58,GBP,2026-10-28,CP3278
TX260,ACC1,10.00,EUR,2026-02-01
TX261,ACC2933,3137.21,GBP,2026-09-25,CP4255
TX262,ACC90179,7715.0,EUR,2026-05-05,CP3349
TX263,ACC6152,281.58,USD,2026-07-08,CP3698
TX264,ACC2667,9319.08,USD,2026-12-20,CP1358
TX265,ACC1,10.00,XXX,2026-02-01,CP1
TX266,ACC97087,2328.85,GBP,2026-09-30,CP4383
TX267,ACC8249,7260.05,USD,2026-05-01,CP292
TX268,ACC68420,2883.46,USD,2026-01-28,CP454
TX269,ACC96070,4648.48,EUR,2026-11-29,CP4982
TX270,ACC64041,6457.72,GBP,2026-02-18,CP1107
TX271,ACC49773,3788.56,USD,2026-12-26,CP1508
TX272,ACC30237,5599.9,EUR,2026-04-26,CP1114
TX273,ACC97911,5693.5,USD,2026-03-14,CP101
TX274,ACC68404,2625.64,EUR,2026-02-05,CP3485
TX275,ACC45184,3202.96,EUR,2026-12-20,CP2033
TX276,ACC87565,4556.48,USD,2026-08-04,CP908
TX277,ACC94520,6811.97,EUR,2026-03-09,CP3622
TX278,ACC82910,8914.88,GBP,2026-07-26,CP4382
TX279,ACC93422,9426.6,EUR,2026-06-23,CP2833
TX280,ACC33423,817.06,EUR,2026-12-13,CP2748
TX281,ACC84945,5499.96,GBP,2026-05-05,CP597
TX282,ACC54821,5910.35,GBP,2026-08-13,CP4604
TX283,ACC83672,4339.37,EUR,2026-10-15,CP1273
TX284,ACC12635,8778.55,USD,2026-02-03,CP2043
TX285,ACC22708,6585.9,EUR,2026-09-19,CP3637
TX286,ACC66470,8133.89,USD,2026-12-13,CP635
TX287,ACC77723,1023.84,USD,2026-06-19,CP1775
TX288,ACC42068,4288.94,USD,2026-05-26,CP4981
TX289,ACC65092,6734.48,GBP,2026-01-10,CP3048
TX290,ACC18363,8393.63,USD,2026-01-29,CP2471
TX291,ACC49062,2716.64,GBP,2026-09-11,CP845
TX292,ACC31188,6400.88,EUR,2026-03-15,CP1862
TX293,ACC35329,2057.43,GBP,2026-01-20,CP2686
TX294,ACC1,10.00,EUR,2026-02-01
TX295,ACC46413,3866.16,EUR,2026-12-21,CP4681
TX296,ACC14264,3660.16,USD,2026-07-18,CP859
TX297,ACC68318,8722.93,EUR,2026-11-13,CP1788
TX298,ACC84192,8554.3,GBP,2026-05-15,CP2591
TX299,ACC4990,5432.17,USD,2026-02-18,CP977
TX300,ACC1,-5.00,EUR,2026-02-01,CP1
TX301,ACC42167,7377.14,EUR,2026-08-24,CP2566
TX302,ACC93238,8468.03,GBP,2026-01-26,CP3347
TX303,ACC96617,3974.62,USD,2026-04-26,CP443
TX304,ACC8636,581.01,EUR,2026-07-10,CP673
TX305,ACC34498,1087.64,USD,2026-06-08,CP2116
TX306,ACC61364,2098.81,GBP,2026-07-04,CP2469
TX307,ACC82776,9274.63,GBP,2026-03-20,CP988
TX308,ACC81237,6874.32,GBP,2026-08-05,CP12
TX309,ACC82572,8995.55,GBP,2026-05-27,CP1283
TX310,ACC76357,9980.45,EUR,2026-05-23,CP726
TX311,ACC78958,3892.65,USD,2026-12-21,CP4141
TX312,ACC95763,883.17,GBP,2026-05-23,CP4882
TX313,ACC1039,5203.64,USD,2026-10-22,CP168
TX314,ACC90743,6500.51,USD,2026-04-16,CP747
TX315,ACC1658,1172.59,USD,2026-01-26,CP2614
TX316,ACC61644,1267.28,USD,2026-09-01,CP1111
TX317,ACC87762,9946.67,GBP,2026-06-14,CP3269
TX318,ACC24227,2475.84,GBP,2026-02-03,CP1002
TX319,ACC88383,4180.67,EUR,2026-11-04,CP3564
TX320,ACC27467,6063.05,GBP,2026-09-27,CP255
TX321,ACC82119,3390.64,EUR,2026-04-14,CP4508
TX322,ACC19786,9359.71,EUR,2026-07-04,CP2277
TX323,ACC15409,4618.43,EUR,2026-06-08,CP1211
TX324,ACC78463,3265.25,GBP,2026-01-26,CP1300
TX325,ACC16374,6757.85,EUR,2026-06-14,CP4057
TX326,ACC92085,8471.44,EUR,2026-01-27,CP2366
TX327,ACC14534,5215.75,EUR,2026-04-26,CP2745
TX328,ACC72652,3931.33,USD,2026-09-14,CP274
TX329,ACC16161,3680.04,USD,2026-02-16,CP1869
TX330,ACC72338,738.89,EUR,2026-12-19,CP743
TX331,ACC19567,2037.82,USD,2026-09-12,CP1919
TX332,ACC61041,8157.13,GBP,2026-08-27,CP3938
TX333,ACC80811,2535.58,GBP,2026-10-31,CP550
TX334,ACC33491,7640.69,EUR,2026-05-04,CP4358
TX335,ACC56426,4512.68,EUR,2026-08-21,CP1652
TX336,ACC18559,6795.5,GBP,2026-04-05,CP415
TX337,ACC52830,6781.25,USD,2026-10-20,CP4596
TX338,ACC37737,5284.17,GBP,2026-05-13,CP3546
TX339,ACC37885,8896.57,GBP,2026-07-19,CP3218
TX340,ACC60931,2973.14,USD,2026-08-28,CP1160
TX341,ACC44465,8710.78,USD,2026-09-29,CP3966
TX342,ACC34662,4486.77,GBP,2026-03-18,CP4773
TX343,ACC73896,1068.24,GBP,2026-03-04,CP2706
TX344,ACC41586,4236.8,USD,2026-12-15,CP1170
TX345,ACC32875,6605.23,USD,2026-05-31,CP3786
TX346,ACC32920,7087.5,GBP,2026-02-11,CP3671
TX347,ACC18975,5383.74,EUR,2026-06-19,CP140
TX348,ACC65306,9483.19,EUR,2026-10-19,CP529
TX349,ACC75631,8612.53,EUR,2026-02-05,CP3946
TX350,ACC51689,4905.87,EUR,2026-05-11,CP644
TX351,ACC32251,1983.98,GBP,2026-06-18,CP78
TX352,ACC20529,3378.46,GBP,2026-07-11,CP1435
TX353,ACC62621,6012.98,USD,2026-04-03,CP3219
TX354,ACC10460,1161.15,GBP,2026-08-03,CP1210
TX355,ACC81908,8457.18,EUR,2026-01-31,CP2638
TX356,ACC98622,4000.43,GBP,2026-03-21,CP2440
TX357,ACC17274,5020.76,GBP,2026-08-29,CP3273
TX358,ACC20331,2796.42,EUR,2026-10-12,CP906
TX359,ACC24789,5013.36,EUR,2026-07-29,CP1276
TX360,ACC62797,3069.29,EUR,2026-12-04,CP3050
TX361,ACC60820,8383.49,EUR,2026-04-15,CP1630
TX362,ACC43940,6245.39,USD,2026-04-13,CP3377
TX363,ACC32467,4322.8,USD,2026-07-25,CP583
TX364,ACC9975,9564.87,GBP,2026-03-02,CP509
TX365,ACC20204,9801.38,EUR,2026-07-07,CP136
TX366,ACC57418,8053.36,GBP,2026-05-03,CP514
TX367,ACC24260,8077.98,GBP,2026-08-25,CP3575
TX368,ACC42839,8979.41,USD,2026-11-29,CP1523
TX369,ACC1305,7476.82,EUR,2026-11-01,CP4217
TX370,ACC36655,2868.71,GBP,2026-12-12,CP1179
TX371,ACC78064,993.36,EUR,2026-11-13,CP4835
TX372,ACC14225,8562.98,USD,2026-04-06,CP3375
TX373,ACC33614,2930.99,USD,2026-01-15,CP930
TX374,ACC34935,4864.47,EUR,2026-09-25,CP3594
TX375,ACC46542,1368.62,EUR,2026-03-21,CP969
TX376,ACC83908,9117.7,USD,2026-09-30,CP140
TX377,ACC52480,7466.1,EUR,2026-03-24,CP1496
TX378,ACC63665,2906.79,EUR,2026-04-10,CP514
TX379,ACC94006,7869.22,USD,2026-03-04,CP1803
TX380,ACC45304,4628.44,GBP,2026-10-31,CP233
TX381,ACC76239,633.81,GBP,2026-03-27,CP3920
TX382,ACC64279,4287.58,USD,2026-11-06,CP630
TX383,ACC42582,2920.35,EUR,2026-06-14,CP4122
TX384,ACC51049,6729.04,GBP,2026-10-06,CP858
TX385,ACC24616,1462.94,USD,2026-07-03,CP126
TX386,ACC46798,637.9,EUR,2026-01-16,CP3042
TX387,ACC91051,2411.65,USD,2026-08-09,CP3259
TX388,ACC27387,1441.49,GBP,2026-04-04,CP6
TX389,ACC35819,6453.66,USD,2026-09-13,CP3504
TX390,ACC72799,9576.75,EUR,2026-08-24,CP937
TX391,ACC13749,1185.27,EUR,2026-11-03,CP510
TX392,ACC75071,9466.16,USD,2026-07-09,CP4976
TX393,ACC50007,5407.4,USD,2026-02-18,CP233
TX394,ACC46588,7404.01,GBP,2026-04-28,CP2184
TX395,ACC1359,3402.33,USD,2026-04-23,CP1269
TX396,ACC45995,9389.45,GBP,2026-07-26,CP85
TX397,ACC78310,4245.36,GBP,2026-07-18,CP3456
TX398,ACC22710,2011.95,EUR,2026-11-26,CP789
TX399,ACC81410,7677.05,USD,2026-01-24,CP2818
TX400,ACC86560,929.52,GBP,2026-11-29,CP2513
TX401,ACC41119,8741.84,USD,2026-06-13,CP144
TX402,ACC46787,4214.95,USD,2026-08-19,CP2604
TX403,ACC32125,7945.61,EUR,2026-07-13,CP4753
TX404,ACC32507,2843.5,USD,2026-07-10,CP918
TX405,ACC36879,6487.66,EUR,2026-08-14,CP1667
TX406,ACC61590,6060.06,EUR,2026-11-16,CP2927
TX407,ACC73804,6867.84,USD,2026-01-22,CP2853
TX408,ACC89478,3009.67,GBP,2026-04-04,CP1634
TX409,ACC96635,7127.8,EUR,2026-02-23,CP223
TX410,ACC8639,6825.53,GBP,2026-01-09,CP2496
TX411,ACC54666,454.11,EUR,2026-01-25,CP3600
TX412,ACC77632,9789.38,GBP,2026-10-04,CP3019
TX413,ACC68191,6937.97,GBP,2026-03-30,CP3993
TX414,ACC78825,9735.18,EUR,2026-12-13,CP2301
TX415,ACC3515,5188.62,GBP,2026-05-18,CP2
TX416,ACC10897,5724.03,GBP,2026-06-24,CP4682
TX417,ACC80659,2236.65,USD,2026-05-23,CP2392
TX418,ACC20571,5060.97,EUR,2026-08-01,CP991
TX419,ACC55042,665.96,USD,2026-08-15,CP4723
TX420,ACC59666,4080.24,EUR,2026-07-21,CP3409
TX421,ACC56503,4655.4,EUR,2026-11-29,CP290
TX422,ACC71022,4663.91,GBP,2026-09-09,CP4992
TX423,ACC40243,7801.67,EUR,2026-08-12,CP4476
TX424,ACC14368,7840.96,EUR,2026-11-14,CP4010
TX425,ACC62261,92.04,USD,2026-02-13,CP1746
TX426,ACC30454,5131.18,GBP,2026-01-22,CP2375
TX427,ACC34543,1399.09,GBP,2026-02-17,CP1647
TX428,ACC55816,4218.03,EUR,2026-06-14,CP4245
TX429,ACC7654,2819.97,EUR,2026-09-21,CP907
TX430,ACC92148,8752.88,EUR,2026-07-03,CP203
TX431,ACC23026,8541.04,USD,2026-06-15,CP1095
TX432,ACC33620,1226.59,GBP,2026-01-19,CP3421
TX433,ACC37819,4575.79,USD,2026-11-10,CP1645
TX434,ACC53472,6522.21,GBP,2026-12-05,CP4753
TX435,ACC49138,7285.29,GBP,2026-02-21,CP2794
TX436,ACC70013,8630.96,EUR,2026-09-18,CP1400
TX437,ACC8289,4754.35,USD,2026-11-10,CP2357
TX438,ACC2461,4344.23,GBP,2026-07-26,CP2162
TX439,ACC40686,3298.18,GBP,2026-05-21,CP2220
TX440,ACC34739,9509.77,GBP,2026-12-12,CP4761
TX441,ACC4840,6857.65,EUR,2026-10-17,CP2930
TX442,ACC30460,9187.35,USD,2026-10-19,CP612
TX443,ACC94343,3334.05,GBP,2026-12-04,CP3086
TX444,ACC84784,1388.07,USD,2026-07-02,CP1012
TX445,ACC31337,8047.38,GBP,2026-12-16,CP3507
TX446,ACC8891,1286.39,GBP,2026-10-03,CP268
TX447,ACC25816,7875.97,USD,2026-04-06,CP3963
TX448,ACC6658,6802.11,EUR,2026-04-04,CP3653
TX449,ACC6347,7099.66,GBP,2026-02-20,CP2206
TX450,ACC62943,8084.73,EUR,2026-12-20,CP526
TX451,ACC72006,2808.39,EUR,2026-03-22,CP3436
TX452,ACC62590,7191.2,GBP,2026-01-08,CP2797
TX453,ACC37257,5409.14,GBP,2026-08-14,CP2787
TX454,ACC84629,265.24,USD,2026-09-10,CP1786
TX455,ACC34076,2713.25,EUR,2026-03-09,CP1009
TX456,ACC1,10.00,EUR,2026-02-01
TX457,ACC86429,4654.19,EUR,2026-05-27,CP2010
TX458,ACC59397,7306.47,USD,2026-02-12,CP2684
TX459,ACC11025,6525.25,GBP,2026-11-20,CP4271
TX460,ACC41090,8263.85,USD,2026-07-13,CP2836
TX461,ACC67261,6155.86,USD,2026-02-26,CP3310
TX462,ACC11199,3873.96,USD,2026-01-13,CP648
TX463,ACC38947,177.99,GBP,2026-01-25,CP2348
TX464,ACC14061,4057.64,USD,2026-04-02,CP2017
TX465,ACC64297,9055.4,GBP,2026-11-16,CP4857
TX466,ACC34896,2724.28,EUR,2026-09-14,CP5
TX467,ACC68529,6106.46,EUR,2026-10-05,CP3344
TX468,ACC56804,8099.23,USD,2026-06-06,CP617
TX469,ACC88948,7606.02,GBP,2026-05-18,CP1053
TX470,ACC74387,1348.69,USD,2026-05-07,CP3053
TX471,ACC2127,5358.46,GBP,2026-10-05,CP1554
TX472,ACC57691,9196.01,USD,2026-02-01,CP2280
TX473,ACC82934,9649.26,EUR,2026-11-29,CP3929
TX474,ACC7761,6775.83,USD,2026-12-02,CP1796
TX475,ACC38055,5043.64,EUR,2026-08-17,CP3909
TX476,ACC93147,3667.38,GBP,2026-01-13,CP2046
TX477,ACC67387,1964.96,EUR,2026-06-03,CP3079
TX478,ACC16344,785.06,USD,2026-08-06,CP1275
TX479,ACC63347,9905.68,GBP,2026-10-26,CP2356
TX480,ACC10002,3626.98,USD,2026-12-24,CP4323
TX481,ACC31359,617.37,GBP,2026-06-23,CP3016
TX482,ACC34815,1779.17,GBP,2026-10-22,CP3499
TX483,ACC25103,3361.71,USD,2026-10-24,CP435
TX484,ACC57727,1263.3,EUR,2026-11-27,CP3754
TX485,ACC59259,1429.67,EUR,2026-07-08,CP2579
TX486,ACC49315,4502.0,EUR,2026-08-21,CP4649
TX487,ACC44944,4702.11,GBP,2026-02-22,CP3527
TX488,ACC10563,3932.76,EUR,2026-02-21,CP1385
TX489,ACC67527,4503.5,USD,2026-04-25,CP4037
TX490,ACC78945,5557.94,EUR,2026-10-13,CP2339
TX491,ACC67324,4277.69,EUR,2026-05-17,CP3037
TX492,ACC67915,9719.73,USD,2026-11-25,CP1755
TX493,ACC1,10.00,EUR,2026-02-01
TX494,ACC81544,1088.19,EUR,2026-09-08,CP2828
TX495,ACC13971,5447.43,GBP,2026-10-31,CP935
TX496,ACC10894,6654.89,EUR,2026-10-10,CP1588
TX497,ACC14205,6177.4,USD,2026-12-21,CP628
TX498,ACC38655,3088.09,USD,2026-04-07,CP1063
TX499,ACC32123,8106.83,EUR,2026-01-11,CP4598
TX500,ACC42109,937.01,EUR,2026-04-14,CP3925
TX501,ACC99767,7289.25,EUR,2026-04-29,CP3650
TX502,ACC23145,3219.65,EUR,2026-08-05,CP1908
TX503,ACC27361,1716.29,EUR,2026-07-26,CP3102
TX504,ACC77257,8006.01,EUR,2026-03-09,CP1677
TX505,ACC80148,8207.62,GBP,2026-01-31,CP2809
TX506,ACC77249,7700.54,USD,2026-12-11,CP1214
TX507,ACC57617,9158.72,GBP,2026-06-02,CP3865
TX508,ACC69401,9270.66,USD,2026-08-30,CP1086
TX509,ACC87028,7666.39,USD,2026-04-15,CP2564
TX510,ACC9096,4136.39,EUR,2026-10-30,CP3415
TX511,ACC952,5215.11,GBP,2026-09-08,CP1966
TX512,ACC93415,7656.19,GBP,2026-12-16,CP1269
TX513,ACC71632,8623.3,USD,2026-06-08,CP261
TX514,ACC13251,4081.21,EUR,2026-10-04,CP4497
TX515,ACC93343,4900.98,EUR,2026-12-18,CP1837
TX516,ACC43788,7134.49,GBP,2026-01-25,CP4226
TX517,ACC80132,5223.7,GBP,2026-05-16,CP66
TX518,ACC63580,9292.94,EUR,2026-12-02,CP2304
TX519,ACC33053,4430.2,USD,2026-11-06,CP1573
TX520,ACC28306,3272.91,EUR,2026-10-16,CP2034
TX521,ACC99057,5935.45,GBP,2026-09-18,CP3857
TX522,ACC42845,3683.3,USD,2026-07-23,CP110
TX523,ACC65647,7114.93,EUR,2026-10-23,CP3498
TX524,ACC84058,67.5,GBP,2026-09-04,CP2881
TX525,ACC17254,28.89,USD,2026-07-13,CP4964
TX526,ACC97904,8121.8,USD,2026-05-19,CP4163
TX527,ACC66703,9443.14,EUR,2026-10-25,CP258
TX528,ACC58645,5471.03,GBP,2026-11-19,CP4862
TX529,ACC44484,4960.01,GBP,2026-01-03,CP3847
TX530,ACC67034,7451.21,USD,2026-12-08,CP3719
TX531,ACC80134,7679.9,EUR,2026-09-15,CP183
TX532,ACC86152,2896.27,EUR,2026-05-13,CP3684
TX533,ACC37220,8162.42,GBP,2026-11-21,CP2572
TX534,ACC36798,3466.97,EUR,2026-11-19,CP3958
TX535,ACC71399,2020.43,EUR,2026-06-15,CP4015
TX536,ACC89344,9078.08,GBP,2026-12-06,CP3922
TX537,ACC21502,513.14,EUR,2026-10-03,CP1657
TX538,ACC83062,7275.94,USD,2026-11-05,CP240
TX539,ACC7073,6522.02,GBP,2026-11-21,CP3839
TX540,ACC68956,6246.87,GBP,2026-12-01,CP2968
TX541,ACC94063,6582.75,GBP,2026-10-30,CP3857
TX542,ACC90580,9582.09,EUR,2026-02-10,CP1219
TX543,ACC41593,6026.28,EUR,2026-05-13,CP4391
TX544,ACC41825,1995.69,EUR,2026-10-02,CP4543
TX545,ACC32031,1922.01,GBP,2026-05-20,CP31
TX546,ACC46048,8908.97,EUR,2026-08-03,CP4191
TX547,ACC25849,6820.68,EUR,2026-12-24,CP3015
TX548,ACC28992,8349.74,USD,2026-02-16,CP4331
TX549,ACC37317,1557.11,USD,2026-11-30,CP601
TX550,ACC91602,7445.63,GBP,2026-03-09,CP565
TX551,ACC7121,730.74,EUR,2026-07-18,CP3935
TX552,ACC69130,7461.97,EUR,2026-08-07,CP975
TX553,ACC93136,9427.97,USD,2026-09-13,CP2848
TX554,ACC86135,972.85,EUR,2026-03-25,CP1907
TX555,ACC12832,7560.76,EUR,2026-03-10,CP1293
TX556,ACC56509,9620.78,GBP,2026-10-06,CP982
TX557,ACC13835,3776.95,USD,2026-04-10,CP2396
TX558,ACC67880,264.86,GBP,2026-06-15,CP2751
TX559,ACC71671,5395.96,GBP,2026-09-24,CP3448
TX560,ACC95440,184.04,GBP,2026-09-02,CP2689
TX561,ACC38597,8052.13,EUR,2026-09-16,CP2350
TX562,ACC36174,8857.51,GBP,2026-04-15,CP4526
TX563,ACC22019,4810.17,USD,2026-03-20,CP1201
TX564,ACC83554,2405.34,EUR,2026-12-17,CP1946
TX565,ACC92692,7347.47,EUR,2026-10-14,CP2927
TX566,ACC27291,6051.89,EUR,2026-03-23,CP1472
TX567,ACC15532,4613.8,USD,2026-01-21,CP369
TX568,ACC77961,4654.13,USD,2026-12-28,CP4171
TX569,ACC13692,6899.72,EUR,2026-04-26,CP1573
TX570,ACC99435,4614.66,GBP,2026-11-25,CP115
TX571,ACC70406,3612.89,USD,2026-08-16,CP694
TX572,ACC30846,8093.76,EUR,2026-05-13,CP2075
TX573,ACC39673,8826.87,USD,2026-01-24,CP2925
TX574,ACC62752,21.07,GBP,2026-12-16,CP538
TX575,ACC63563,6175.9,GBP,2026-09-07,CP1072
TX576,ACC85004,3937.47,GBP,2026-06-10,CP1975
TX577,ACC32221,5055.1,USD,2026-11-04,CP1795
TX578,ACC35362,6194.27,EUR,2026-03-30,CP2249
TX579,ACC41867,5340.04,USD,2026-08-16,CP696
TX580,ACC29440,3891.91,USD,2026-05-09,CP3689
TX581,ACC38815,9426.79,GBP,2026-04-11,CP3054
TX582,ACC91389,1976.54,USD,2026-04-05,CP2055
TX583,ACC53033,7058.96,USD,2026-02-22,CP4825
TX584,ACC86803,3110.35,USD,2026-02-10,CP1303
TX585,ACC11897,5792.96,EUR,2026-01-17,CP3527
TX586,ACC47549,6242.65,USD,2026-07-09,CP3575
TX587,ACC716,3330.86,GBP,2026-05-25,CP758
TX588,ACC86172,9140.56,EUR,2026-08-19,CP4538
TX589,ACC30005,1361.64,USD,2026-07-07,CP3498
TX590,ACC67245,9182.62,EUR,2026-03-16,CP3356
TX591,ACC13590,3221.21,GBP,2026-03-09,CP2947
TX592,ACC35003,7465.55,EUR,2026-03-20,CP4617
TX593,ACC18348,6425.41,EUR,2026-08-05,CP4133
TX594,ACC50166,6364.85,GBP,2026-07-17,CP1447
TX595,ACC66812,3356.02,EUR,2026-12-14,CP529
TX596,ACC57032,8751.55,GBP,2026-01-15,CP306
TX597,ACC37203,9858.93,GBP,2026-05-21,CP1381
TX598,ACC70204,2904.62,GBP,2026-10-20,CP4535
TX599,ACC60411,8223.88,USD,2026-02-17,CP4704
TX600,ACC43329,9935.07,USD,2026-07-25,CP1765
TX601,ACC34107,9052.6,GBP,2026-04-10,CP3688
TX602,ACC47034,842.42,USD,2026-05-16,CP3684
TX603,ACC98187,1954.32,USD,2026-03-06,CP3721
TX604,ACC53465,3456.74,EUR,2026-10-18,CP692
TX605,ACC59260,1587.35,GBP,2026-01-21,CP3756
TX606,ACC89894,7992.16,EUR,2026-12-24,CP2177
TX607,ACC99675,1786.02,USD,2026-11-04,CP125
TX608,ACC34181,1724.38,EUR,2026-10-20,CP1522
TX609,ACC45399,2623.63,GBP,2026-04-06,CP805
TX610,ACC88167,1555.01,USD,2026-03-19,CP4556
TX611,ACC93824,7388.16,EUR,2026-02-02,CP1037
TX612,ACC78377,5625.59,EUR,2026-02-19,CP2958
TX613,ACC9054,3133.02,GBP,2026-06-09,CP669
TX614,ACC43258,7778.44,USD,2026-11-03,CP4836
TX615,ACC87474,1599.0,GBP,2026-11-25,CP3925
TX616,ACC65545,8487.12,USD,2026-07-25,CP869
TX617,ACC45817,6288.17,EUR,2026-04-04,CP4165
TX618,ACC75789,2815.56,EUR,2026-02-07,CP4255
TX619,ACC21854,9224.37,USD,2026-04-18,CP4778
TX620,ACC53715,3574.97,EUR,2026-12-20,CP4082
TX621,ACC78446,7622.75,USD,2026-02-18,CP2089
TX622,ACC20987,4663.84,EUR,2026-10-08,CP3846
TX623,ACC99962,9878.07,EUR,2026-11-28,CP720
TX624,ACC45617,66.56,GBP,2026-12-22,CP938
TX625,ACC14852,6671.32,USD,2026-01-24,CP1929
TX626,ACC8847,3799.13,EUR,2026-02-06,CP551
TX627,ACC83776,738.68,EUR,2026-08-08,CP4785
TX628,ACC49908,5777.74,USD,2026-07-18,CP1184
TX629,ACC59373,596.11,EUR,2026-01-11,CP1915
TX630,ACC18396,2967.19,USD,2026-01-09,CP4261
TX631,ACC65793,6806.3,GBP,2026-01-03,CP1272
TX632,ACC50563,9330.14,EUR,2026-04-06,CP1698
TX633,ACC52551,7225.35,USD,2026-05-02,CP1310
TX634,ACC11457,186.38,GBP,2026-06-17,CP2591
TX635,ACC91261,1848.83,USD,2026-10-15,CP1749
TX636,ACC45899,8986.97,GBP,2026-06-08,CP1078
TX637,ACC1,10.00,EUR,not-a-date,CP1
TX638,ACC91554,694.1,EUR,2026-07-09,CP1707
TX639,ACC59844,5872.67,USD,2026-11-17,CP3112
TX640,ACC88170,2808.34,GBP,2026-09-01,CP286
TX641,ACC41923,5040.69,GBP,2026-03-03,CP1988
TX642,ACC38415,592.43,EUR,2026-05-21,CP979
TX643,ACC12707,3983.41,USD,2026-11-24,CP4632
TX644,ACC98606,3554.9,USD,2026-02-04,CP2189
TX645,ACC39889,7626.58,EUR,2026-08-14,CP1334
TX646,ACC6551,6187.14,EUR,2026-03-23,CP2500
TX647,ACC26696,3647.28,USD,2026-09-03,CP4407
TX648,ACC82082,2110.64,USD,2026-03-11,CP85
TX649,ACC84468,4958.05,USD,2026-07-23,CP516
TX650,ACC1,-5.00,EUR,2026-02-01,CP1
TX651,ACC91643,6481.36,EUR,2026-11-30,CP514
TX652,ACC12107,3945.21,EUR,2026-08-02,CP1866
TX653,ACC52017,6284.69,GBP,2026-03-14,CP4854
TX654,ACC26329,8314.76,EUR,2026-02-26,CP1099
TX655,ACC18450,8127.98,EUR,2026-06-07,CP4750
TX656,ACC63175,6383.62,USD,2026-06-10,CP3261
TX657,ACC96775,567.19,GBP,2026-11-18,CP991
TX658,ACC47430,8101.3,USD,2026-11-25,CP1282
TX659,ACC27749,3374.68,EUR,2026-05-27,CP572
TX660,ACC1,10.00,EUR,not-a-date,CP1
TX661,ACC58742,5740.09,GBP,2026-09-09,CP3243
TX662,ACC53730,3485.16,EUR,2026-06-23,CP3724
TX663,ACC39053,3675.99,GBP,2026-10-10,CP734
TX664,ACC55136,2064.9,GBP,2026-05-10,CP3820
TX665,ACC78668,7850.03,GBP,2026-03-30,CP1694
TX666,ACC1,-5.00,EUR,2026-02-01,CP1
TX667,ACC61551,3176.26,EUR,2026-08-18,CP1401
TX668,ACC73418,1365.46,GBP,2026-08-26,CP1605
TX669,ACC41973,5906.98,GBP,2026-11-20,CP203
TX670,ACC18039,3379.26,USD,2026-06-27,CP603
TX671,ACC90,7014.71,GBP,2026-05-24,CP1045
TX672,ACC24604,7314.19,USD,2026-08-10,CP1678
TX673,ACC26278,388.82,USD,2026-11-14,CP321
TX674,ACC40747,7416.34,EUR,2026-07-02,CP4051
TX675,ACC75522,137.42,EUR,2026-12-16,CP3425
TX676,ACC95188,6698.99,USD,2026-08-22,CP3468
TX677,ACC2152,4856.41,USD,2026-10-27,CP3972
TX678,ACC35663,4890.17,GBP,2026-03-27,CP1210
TX679,ACC1,10.00,EUR,2026-02-01
TX680,ACC18192,3384.47,EUR,2026-07-26,CP3786
TX681,ACC20068,6508.51,GBP,2026-06-29,CP1967
TX682,ACC27245,1425.23,EUR,2026-03-01,CP37
TX683,ACC89690,171.25,GBP,2026-02-13,CP515
TX684,ACC42024,5886.81,USD,2026-02-16,CP1949
TX685,ACC29195,7042.32,GBP,2026-07-07,CP4642
TX686,ACC12889,2916.17,EUR,2026-10-05,CP4587
TX687,ACC70052,7296.23,USD,2026-02-26,CP2092
TX688,ACC88178,521.14,GBP,2026-07-30,CP516
TX689,ACC1,10.00,EUR,not-a-date,CP1
TX690,ACC12178,8887.74,EUR,2026-09-24,CP1391
TX691,ACC46277,6372.18,USD,2026-08-22,CP500
TX692,ACC15482,7786.06,USD,2026-11-27,CP2039
TX693,ACC54789,7241.7,USD,2026-01-25,CP2702
TX694,ACC6168,659.54,GBP,2026-02-01,CP1674
TX695,ACC67486,7384.09,GBP,2026-11-30,CP2613
TX696,ACC61942,3315.98,EUR,2026-11-16,CP4767
TX697,ACC83200,6146.43,GBP,2026-12-29,CP1586
TX698,ACC83705,2556.27,USD,2026-12-19,CP2009
TX699,ACC63705,7590.73,GBP,2026-05-14,CP4539
TX700,ACC63619,1633.19,EUR,2026-03-28,CP3675
TX701,ACC33175,7825.57,EUR,2026-04-17,CP4794
TX702,ACC76562,2191.86,USD,2026-10-29,CP4636
TX703,ACC41366,912.23,USD,2026-08-30,CP812
TX704,ACC67401,8310.93,USD,2026-08-27,CP4086
TX705,ACC96781,2449.37,USD,2026-06-14,CP4220
TX706,ACC95097,8130.11,GBP,2026-03-10,CP1855
TX707,ACC52783,1874.48,GBP,2026-12-30,CP3246
TX708,ACC2756,1025.93,EUR,2026-11-21,CP2109
TX709,ACC99883,9502.78,GBP,2026-02-21,CP4995
TX710,ACC61980,9179.57,USD,2026-03-02,CP2045
TX711,ACC10516,4877.61,GBP,2026-09-29,CP1351
TX712,ACC90324,3794.28,USD,2026-03-26,CP563
TX713,ACC71813,9633.94,GBP,2026-12-05,CP2371
TX714,ACC23839,1098.65,EUR,2026-10-18,CP4088
TX715,ACC15071,3649.85,EUR,2026-10-31,CP666
TX716,ACC79334,2600.8,USD,2026-06-02,CP2650
TX717,ACC72158,8318.77,USD,2026-08-29,CP4495
TX718,ACC46455,5016.2,GBP,2026-09-14,CP4863
TX719,ACC89191,1387.73,EUR,2026-10-06,CP563
TX720,ACC74344,1558.08,GBP,2026-01-16,CP3825
TX721,ACC75762,5164.2,EUR,2026-04-11,CP4237
TX722,ACC27436,2389.42,EUR,2026-07-05,CP3468
TX723,ACC80506,1960.95,EUR,2026-04-07,CP2140
TX724,ACC55762,8301.04,GBP,2026-11-18,CP4780
TX725,ACC1,-5.00,EUR,2026-02-01,CP1
TX726,ACC20178,3645.22,USD,2026-09-11,CP2463
TX727,ACC73434,5597.04,GBP,2026-02-02,CP3843
TX728,ACC36059,1162.34,USD,2026-08-21,CP1498
TX729,ACC78231,7507.25,GBP,2026-01-04,CP2471
TX730,ACC69332,3616.78,EUR,2026-11-14,CP4218
TX731,ACC65877,7627.88,GBP,2026-10-15,CP1477
TX732,ACC1794,1095.75,USD,2026-01-20,CP912
TX733,ACC66830,1736.62,EUR,2026-06-16,CP920
TX734,ACC91738,892.03,EUR,2026-07-07,CP2784
TX735,ACC67636,3703.25,EUR,2026-12-15,CP1625
TX736,ACC89435,1582.98,GBP,2026-06-14,CP588
TX737,ACC99137,3857.35,USD,2026-07-14,CP3461
TX738,ACC99578,5901.53,EUR,2026-01-30,CP2665
TX739,ACC1,10.00,XXX,2026-02-01,CP1
TX740,ACC60406,4833.58,USD,2026-06-12,CP2984
TX741,ACC31116,8864.92,GBP,2026-12-05,CP1004
TX742,ACC17664,3899.29,EUR,2026-12-02,CP3314
TX743,ACC43938,2511.93,USD,2026-03-22,CP1018
TX744,ACC98045,4957.21,GBP,2026-07-02,CP1797
TX745,ACC3858,4463.87,EUR,2026-10-16,CP967
TX746,ACC68975,1874.85,EUR,2026-08-29,CP2714
TX747,ACC31878,51.18,EUR,2026-06-13,CP4630
TX748,ACC9202,9311.29,GBP,2026-03-20,CP1465
TX749,ACC93271,4658.56,USD,2026-08-19,CP1408
TX750,ACC34145,8102.03,EUR,2026-09-29,CP290
TX751,ACC7256,7218.3,GBP,2026-07-21,CP1913
TX752,ACC55189,7580.57,EUR,2026-03-22,CP1737
TX753,ACC13324,1419.72,USD,2026-12-21,CP1309
TX754,ACC33135,8324.87,USD,2026-09-22,CP4215
TX755,ACC53615,3728.12,GBP,2026-07-02,CP155
TX756,ACC94235,8398.47,EUR,2026-09-22,CP1106
TX757,ACC67258,4033.92,EUR,2026-01-11,CP3351
TX758,ACC29353,2409.36,EUR,2026-09-01,CP1646
TX759,ACC47760,9843.23,GBP,2026-07-22,CP4412
TX760,ACC99264,6801.46,USD,2026-05-14,CP50
TX761,ACC99657,75.31,USD,2026-02-09,CP2300
TX762,ACC61243,7217.43,USD,2026-07-06,CP495
TX763,ACC88345,1900.1,GBP,2026-04-22,CP4567
TX764,ACC20437,2859.45,USD,2026-02-20,CP4672
TX765,ACC28614,9541.82,EUR,2026-04-21,CP3583
TX766,ACC94437,6070.13,GBP,2026-04-03,CP4536
TX767,ACC31965,9499.55,GBP,2026-06-20,CP3885
TX768,ACC86574,840.86,EUR,2026-01-07,CP2550
TX769,ACC34249,897.01,USD,2026-12-30,CP4298
TX770,ACC48800,8080.0,EUR,2026-01-15,CP1817
TX771,ACC91579,9161.52,USD,2026-01-06,CP2047
TX772,ACC9099,7545.45,USD,2026-06-26,CP706
TX773,ACC14265,394.74,USD,2026-12-02,CP3533
TX774,ACC15316,8624.72,EUR,2026-02-21,CP1307
TX775,ACC26606,723.23,EUR,2026-05-28,CP139
TX776,ACC74000,3280.58,USD,2026-04-30,CP2611
TX777,ACC44533,9740.86,GBP,2026-12-21,CP2960
TX778,ACC26846,4980.91,GBP,2026-06-17,CP2876
TX779,ACC98312,6487.06,GBP,2026-03-24,CP2456
TX780,ACC39720,2170.31,EUR,2026-03-31,CP582
TX781,ACC9177,9586.23,EUR,2026-01-26,CP4091
TX782,ACC1,10.00,EUR,2026-02-01
TX783,ACC7449,3665.55,USD,2026-12-11,CP1931
TX784,ACC14273,2794.06,USD,2026-02-12,CP3267
TX785,ACC65601,402.38,GBP,2026-05-20,CP2595
TX786,ACC75472,8192.95,GBP,2026-03-28,CP4682
TX787,ACC75365,9518.27,EUR,2026-06-21,CP2105
TX788,ACC29923,6901.01,GBP,2026-08-25,CP1017
TX789,ACC47390,9251.37,GBP,2026-05-02,CP3681
TX790,ACC3036,3585.33,GBP,2026-04-15,CP1635
TX791,ACC15870,5276.86,GBP,2026-10-17,CP4162
TX792,ACC27059,6632.93,USD,2026-06-19,CP4217
TX793,ACC39388,4965.48,USD,2026-06-08,CP295
TX794,ACC77759,7461.07,USD,2026-05-21,CP4179
TX795,ACC43692,5616.08,EUR,2026-08-11,CP1463
TX796,ACC91356,7429.57,USD,2026-11-19,CP876
TX797,ACC43924,6152.77,EUR,2026-08-10,CP2866
TX798,ACC45978,9669.26,EUR,2026-05-22,CP3131
TX799,ACC4252,7705.81,EUR,2026-11-14,CP405
TX800,ACC78397,6979.42,GBP,2026-06-30,CP442
TX801,ACC14288,7995.92,EUR,2026-11-29,CP1737
TX802,ACC98018,2115.86,EUR,2026-10-13,CP176
TX803,ACC21981,3561.21,USD,2026-01-31,CP188
TX804,ACC11568,5709.59,EUR,2026-12-04,CP574
TX805,ACC83633,8299.84,GBP,2026-04-19,CP2439
TX806,ACC48220,2803.81,GBP,2026-06-02,CP616
TX807,ACC76916,4777.15,EUR,2026-07-30,CP3220
TX808,ACC93243,7544.28,USD,2026-11-20,CP4118
TX809,ACC89973,8984.04,EUR,2026-06-04,CP879
TX810,ACC99356,3489.55,EUR,2026-06-14,CP2357
TX811,ACC67120,9191.98,USD,2026-07-12,CP2806
TX812,ACC22817,7264.97,EUR,2026-11-06,CP2141
TX813,ACC1627,2949.4,USD,2026-03-03,CP2434
TX814,ACC8420,2517.96,USD,2026-08-18,CP628
TX815,ACC82594,5179.09,EUR,2026-11-03,CP2247
TX816,ACC17514,4897.04,GBP,2026-01-29,CP839
TX817,ACC83659,535.03,USD,2026-09-16,CP4870
TX818,ACC36703,8476.97,EUR,2026-05-04,CP681
TX819,ACC1,10.00,XXX,2026-02-01,CP1
TX820,ACC28307,1081.04,GBP,2026-08-28,CP4223
TX821,ACC61696,7421.45,EUR,2026-01-02,CP3887
TX822,ACC82599,5277.86,EUR,2026-01-10,CP3770
TX823,ACC66593,8138.66,EUR,2026-05-11,CP4644
TX824,ACC91916,2868.09,GBP,2026-07-21,CP4837
TX825,ACC37540,6587.78,USD,2026-07-29,CP2662
TX826,ACC46769,9964.67,GBP,2026-08-21,CP2463
TX827,ACC9065,4927.41,GBP,2026-02-04,CP4476
TX828,ACC3854,3873.24,EUR,2026-07-12,CP3987
TX829,ACC49474,9468.25,USD,2026-01-11,CP2743
TX830,ACC61850,248.8,USD,2026-11-05,CP261
TX831,ACC90815,6454.64,GBP,2026-08-18,CP1579
TX832,ACC58188,8636.37,EUR,2026-07-02,CP1064
TX833,ACC28031,1172.59,GBP,2026-01-01,CP4239
TX834,ACC84946,8053.79,EUR,2026-11-25,CP3850
TX835,ACC1016,1333.8,USD,2026-12-07,CP2884
TX836,ACC4778,6202.07,EUR,2026-10-05,CP1387
TX837,ACC1496,298.25,EUR,2026-03-28,CP4346
TX838,ACC5910,5129.27,EUR,2026-09-14,CP1235
TX839,ACC49878,5128.05,USD,2026-07-13,CP3962
TX840,ACC55616,8313.86,USD,2026-01-10,CP824
TX841,ACC23185,2057.0,USD,2026-06-12,CP1860
TX842,ACC27442,5442.49,GBP,2026-12-11,CP1551
TX843,ACC30845,5638.97,USD,2026-05-06,CP2858
TX844,ACC5844,8675.61,GBP,2026-05-21,CP206
TX845,ACC86419,5695.66,EUR,2026-06-11,CP3979
TX846,ACC63548,8091.69,USD,2026-10-21,CP396
TX847,ACC57287,8496.99,EUR,2026-03-16,CP1392
TX848,ACC446,4418.72,USD,2026-09-08,CP3588
TX849,ACC33208,6633.26,USD,2026-12-02,CP2864
TX850,ACC65013,5944.7,USD,2026-05-05,CP1642
TX851,ACC60414,6298.44,USD,2026-11-10,CP4095
TX852,ACC99931,5538.92,EUR,2026-01-03,CP4218
TX853,ACC55182,3003.68,USD,2026-08-01,CP134
TX854,ACC2980,2865.29,USD,2026-12-28,CP1873
TX855,ACC99182,7410.7,GBP,2026-04-21,CP2619
TX856,ACC24381,926.59,GBP,2026-01-24,CP3275
TX857,ACC76124,7349.27,USD,2026-07-08,CP2051
TX858,ACC75860,571.21,USD,2026-08-19,CP128
TX859,ACC86140,2082.06,GBP,2026-02-19,CP3065
TX860,ACC73905,5495.79,USD,2026-10-07,CP4197
TX861,ACC68780,6405.12,USD,2026-06-11,CP1547
TX862,ACC11060,9175.17,GBP,2026-09-27,CP43
TX863,ACC84286,2388.6,EUR,2026-08-31,CP1391
TX864,ACC75703,3227.03,USD,2026-12-22,CP2755
TX865,ACC94190,4408.03,EUR,2026-05-30,CP3148
TX866,ACC58676,5137.27,GBP,2026-11-11,CP4401
TX867,ACC47024,6527.77,USD,2026-09-07,CP1518
TX868,ACC72008,6123.47,GBP,2026-09-19,CP3951
TX869,ACC381,6056.48,EUR,2026-12-05,CP4123
TX870,ACC14245,628.37,EUR,2026-07-12,CP2528
TX871,ACC70312,4542.52,GBP,2026-01-04,CP707
TX872,ACC1,-5.00,EUR,2026-02-01,CP1
TX873,ACC93999,1574.08,GBP,2026-07-22,CP4275
TX874,ACC73435,6180.13,EUR,2026-12-07,CP1551
TX875,ACC80708,8524.95,GBP,2026-04-27,CP3232
TX876,ACC63002,4340.3,GBP,2026-03-28,CP4390
TX877,ACC13565,8937.88,EUR,2026-08-06,CP3385
TX878,ACC23350,4354.57,USD,2026-04-01,CP3432
TX879,ACC42383,635.59,USD,2026-01-10,CP3707
TX880,ACC21441,9444.11,GBP,2026-06-14,CP4008
TX881,ACC5182,1382.0,USD,2026-12-01,CP4810
TX882,ACC15700,3757.06,USD,2026-10-31,CP608
TX883,ACC44538,4297.81,USD,2026-05-21,CP4517
TX884,ACC23635,8400.36,EUR,2026-12-27,CP1985
TX885,ACC1,10.00,EUR,2026-02-01
TX886,ACC75016,593.73,GBP,2026-06-25,CP3565
TX887,ACC66011,9400.51,USD,2026-12-20,CP2012
TX888,ACC27486,3396.96,USD,2026-03-24,CP3360
TX889,ACC72655,2510.26,GBP,2026-11-18,CP651
TX890,ACC30661,6274.32,USD,2026-10-03,CP2199
TX891,ACC83723,1684.52,EUR,2026-10-01,CP1313
TX892,ACC12312,8640.15,USD,2026-08-16,CP2673
TX893,ACC29463,4590.05,GBP,2026-01-21,CP894
TX894,ACC75803,6868.76,EUR,2026-11-17,CP2579
TX895,ACC9887,6007.88,GBP,2026-04-29,CP4943
TX896,ACC29227,101.28,USD,2026-08-14,CP2326
TX897,ACC93143,6142.82,USD,2026-06-12,CP454
TX898,ACC85770,1683.02,EUR,2026-07-14,CP1739
TX899,ACC76448,2950.44,GBP,2026-05-23,CP1584
TX900,ACC90157,5666.17,EUR,2026-04-22,CP4286
TX901,ACC47231,5829.49,USD,2026-10-08,CP3486
TX902,ACC27069,9393.51,GBP,2026-03-12,CP994
TX903,ACC21420,8858.21,EUR,2026-03-02,CP3237
TX904,ACC4524,570.76,GBP,2026-03-29,CP2054
TX905,ACC3115,2007.06,USD,2026-03-17,CP1708
TX906,ACC16710,5577.04,USD,2026-12-11,CP3547
TX907,ACC12017,4356.34,GBP,2026-07-12,CP1195
TX908,ACC81658,6005.2,GBP,2026-08-29,CP4539
TX909,ACC1,10.00,EUR,not-a-date,CP1
TX910,ACC97662,1209.41,GBP,2026-04-21,CP582
TX911,ACC36446,3448.45,USD,2026-03-24,CP1984
TX912,ACC67098,4583.63,USD,2026-06-25,CP1291
TX913,ACC92576,6861.23,EUR,2026-11-18,CP3046
TX914,ACC97343,725.07,USD,2026-12-21,CP2064
TX915,ACC57461,2724.63,USD,2026-03-18,CP1814
TX916,ACC1,10.00,EUR,not-a-date,CP1
TX917,ACC32164,295.03,USD,2026-11-04,CP4960
TX918,ACC66896,7319.35,EUR,2026-09-19,CP4239
TX919,ACC51140,5936.35,USD,2026-08-16,CP3554
TX920,ACC71788,5761.58,GBP,2026-07-03,CP184
TX921,ACC90486,697.97,GBP,2026-05-27,CP1239
TX922,ACC20276,5391.11,GBP,2026-09-27,CP463
TX923,ACC21504,1054.45,USD,2026-06-25,CP822
TX924,ACC1932,9669.54,USD,2026-05-29,CP2087
TX925,ACC52731,2917.54,GBP,2026-05-11,CP827
TX926,ACC24099,1216.07,EUR,2026-02-18,CP4778
TX927,ACC68060,9243.32,USD,2026-08-03,CP4302
TX928,ACC92607,3050.69,USD,2026-09-24,CP4147
TX929,ACC25606,1499.21,EUR,2026-07-05,CP4933
TX930,ACC76963,9632.77,GBP,2026-06-29,CP2532
TX931,ACC56964,570.13,GBP,2026-11-17,CP3340
TX932,ACC75924,2237.29,GBP,2026-01-06,CP4123
TX933,ACC94640,2747.91,USD,2026-11-03,CP4654
TX934,ACC14163,8880.96,EUR,2026-07-07,CP4736
TX935,ACC55063,3026.86,GBP,2026-05-31,CP3051
TX936,ACC1,-5.00,EUR,2026-02-01,CP1
TX937,ACC4133,4770.89,USD,2026-12-18,CP4310
TX938,ACC12367,2774.37,GBP,2026-03-25,CP2748
TX939,ACC73827,2279.38,EUR,2026-01-03,CP2981
TX940,ACC30904,7570.32,EUR,2026-04-14,CP2368
TX941,ACC35572,1850.4,EUR,2026-11-03,CP539
TX942,ACC79716,8784.5,EUR,2026-09-28,CP2238
TX943,ACC76139,8549.41,EUR,2026-06-21,CP3495
TX944,ACC65031,2344.3,USD,2026-08-16,CP3648
TX945,ACC96910,3257.23,USD,2026-05-16,CP159
TX946,ACC6970,251.08,GBP,2026-12-28,CP942
TX947,ACC72623,9346.68,EUR,2026-11-16,CP904
TX948,ACC88912,7126.87,EUR,2026-06-09,CP1977
TX949,ACC84562,123.4,EUR,2026-12-26,CP2310
TX950,ACC71470,3479.67,GBP,2026-05-25,CP402
TX951,ACC5958,2893.38,GBP,2026-06-29,CP534
TX952,ACC69117,4024.45,USD,2026-11-25,CP683
TX953,ACC73624,4404.87,EUR,2026-11-25,CP3225
TX954,ACC44727,6128.77,USD,2026-05-26,CP356
TX955,ACC20369,8409.02,USD,2026-11-11,CP840
TX956,ACC36673,5201.92,EUR,2026-01-28,CP1363
TX957,ACC93428,2469.7,USD,2026-02-08,CP777
TX958,ACC96741,4378.95,USD,2026-09-09,CP4794
TX959,ACC35630,8917.27,EUR,2026-09-22,CP4999
TX960,ACC93059,4092.11,USD,2026-02-13,CP3319
TX961,ACC29731,3954.85,EUR,2026-03-17,CP2538
TX962,ACC77345,5883.96,EUR,2026-07-01,CP1521
TX963,ACC30445,7571.09,USD,2026-07-28,CP362
TX964,ACC80108,7716.79,EUR,2026-05-09,CP3462
TX965,ACC1,10.00,EUR,not-a-date,CP1
TX966,ACC43564,9655.15,USD,2026-03-23,CP3203
TX967,ACC65006,7701.26,GBP,2026-08-31,CP2656
TX968,ACC15952,9510.72,EUR,2026-12-03,CP4096
TX969,ACC49147,2562.6,EUR,2026-05-05,CP1732
TX970,ACC31240,7990.33,GBP,2026-11-07,CP1047
TX971,ACC48517,2059.19,EUR,2026-04-09,CP3667
TX972,ACC10002,8701.72,GBP,2026-02-05,CP4105
TX973,ACC88688,6080.3,USD,2026-04-13,CP2772
TX974,ACC93723,7780.26,USD,2026-05-02,CP1712
TX975,ACC77864,6900.42,USD,2026-06-09,CP2568
TX976,ACC23453,6418.51,USD,2026-07-29,CP3157
TX977,ACC27452,9537.43,GBP,2026-06-24,CP2571
TX978,ACC87884,967.57,EUR,2026-02-18,CP1975
TX979,ACC84352,833.38,GBP,2026-04-13,CP2239
TX980,ACC92021,9999.95,GBP,2026-01-24,CP320
TX981,ACC60152,6095.91,EUR,2026-06-16,CP730
TX982,ACC87548,9297.44,USD,2026-09-23,CP1678
TX983,ACC42784,1129.46,GBP,2026-10-14,CP1240
TX984,ACC6984,6416.12,GBP,2026-12-15,CP2985
TX985,ACC36508,5031.17,EUR,2026-10-23,CP4503
TX986,ACC63047,9087.31,USD,2026-01-29,CP3614
TX987,ACC56216,6858.73,USD,2026-12-22,CP1519
TX988,ACC92311,7759.47,USD,2026-12-26,CP3824
TX989,ACC75205,7729.45,GBP,2026-09-28,CP1548
TX990,ACC44222,6730.42,GBP,2026-04-18,CP4501
TX991,ACC40938,2159.13,USD,2026-06-27,CP4979
TX992,ACC6755,4905.32,EUR,2026-12-30,CP582
TX993,ACC35707,3566.48,EUR,2026-08-04,CP3158
TX994,ACC64872,9124.39,USD,2026-10-14,CP1491
TX995,ACC97252,2817.33,EUR,2026-06-07,CP142
TX996,ACC40447,6338.05,GBP,2026-05-11,CP1352
TX997,ACC11125,8828.29,GBP,2026-11-16,CP3545
TX998,ACC11487,2864.37,GBP,2026-12-21,CP2913
TX999,ACC99283,7392.61,EUR,2026-03-05,CP159
TX1000,ACC7261,4287.11,GBP,2026-01-02,CP2559
TX1001,ACC419,9633.04,EUR,2026-05-17,CP1536
TX1002,ACC56910,5415.92,USD,2026-08-04,CP4629
TX1003,ACC69207,9287.04,USD,2026-12-28,CP1131
TX1004,ACC63962,6123.44,EUR,2026-07-14,CP2303
TX1005,ACC45422,5376.06,GBP,2026-09-25,CP4034
TX1006,ACC63952,7918.41,USD,2026-01-18,CP813
TX1007,ACC7681,4200.85,GBP,2026-06-27,CP34
TX1008,ACC1,10.00,EUR,2026-02-01
TX1009,ACC78588,2934.98,EUR,2026-12-12,CP791
TX1010,ACC1076,1002.72,USD,2026-09-13,CP4271
TX1011,ACC73834,192.79,GBP,2026-11-27,CP534
TX1012,ACC70900,3820.63,EUR,2026-07-08,CP590
TX1013,ACC81662,922.8,USD,2026-09-14,CP2701
TX1014,ACC74633,7893.87,USD,2026-10-07,CP3183
TX1015,ACC36963,4730.18,GBP,2026-08-15,CP2682
TX1016,ACC91437,2032.64,EUR,2026-12-11,CP718
TX1017,ACC65720,359.4,USD,2026-12-09,CP1766
TX1018,ACC10792,179.04,GBP,2026-04-11,CP2213
TX1019,ACC42126,452.75,EUR,2026-10-24,CP535
TX1020,ACC62650,3905.24,EUR,2026-06-13,CP1
TX1021,ACC48051,4378.46,GBP,2026-07-19,CP1734
TX1022,ACC56547,2650.22,USD,2026-05-02,CP402
TX1023,ACC63754,976.62,GBP,2026-04-21,CP1077
TX1024,ACC26986,182.42,EUR,2026-10-15,CP4389
TX1025,ACC8617,4309.36,EUR,2026-10-01,CP4774
TX1026,ACC31934,4289.35,USD,2026-06-21,CP75
TX1027,ACC51223,6340.15,EUR,2026-09-25,CP3481
TX1028,ACC44326,3582.05,GBP,2026-07-22,CP2799
TX1029,ACC31948,2081.99,USD,2026-03-09,CP4776
TX1030,ACC48013,6963.88,USD,2026-05-10,CP2559
TX1031,ACC64200,9064.46,GBP,2026-12-28,CP2160
TX1032,ACC9095,1524.78,EUR,2026-03-21,CP4667
TX1033,ACC711,7721.61,EUR,2026-10-01,CP4263
TX1034,ACC93333,661.42,EUR,2026-12-05,CP1189
TX1035,ACC7390,613.64,GBP,2026-09-10,CP2717
TX1036,ACC60348,9285.07,EUR,2026-03-03,CP1566
TX1037,ACC43500,6458.21,GBP,2026-08-02,CP3972
TX1038,ACC43976,9195.82,EUR,2026-05-18,CP1701
TX1039,ACC9593,8523.48,GBP,2026-09-20,CP1034
TX1040,ACC18720,368.76,USD,2026-02-02,CP1442
TX1041,ACC68563,2753.31,USD,2026-10-21,CP4348
TX1042,ACC95298,6481.89,GBP,2026-07-25,CP226
TX1043,ACC78963,431.62,GBP,2026-09-08,CP2659
TX1044,ACC37250,3362.68,EUR,2026-09-27,CP3021
TX1045,ACC32514,6712.33,GBP,2026-02-07,CP4175
TX1046,ACC84425,2581.26,USD,2026-11-03,CP2946
TX1047,ACC43570,561.06,EUR,2026-06-11,CP263
TX1048,ACC65014,4890.13,USD,2026-01-13,CP2454
TX1049,ACC1,-5.00,EUR,2026-02-01,CP1
TX1050,ACC40699,5283.48,USD,2026-09-24,CP4516
TX1051,ACC27101,8409.08,EUR,2026-10-31,CP3453
TX1052,ACC7443,6814.01,USD,2026-10-18,CP2660
TX1053,ACC68473,4138.38,GBP,2026-04-23,CP1429
TX1054,ACC35879,1814.07,EUR,2026-10-23,CP637
TX1055,ACC65134,5101.24,USD,2026-12-15,CP3633
TX1056,ACC18540,1825.96,USD,2026-08-14,CP2598
TX1057,ACC81094,4342.95,GBP,2026-11-22,CP153
TX1058,ACC47683,8552.03,USD,2026-02-26,CP1846
TX1059,ACC24242,3312.59,EUR,2026-07-18,CP3313
TX1060,ACC52398,7976.98,GBP,2026-07-07,CP4173
TX1061,ACC66568,3326.9,GBP,2026-06-19,CP2555
TX1062,ACC13280,6929.07,USD,2026-08-27,CP3976
TX1063,ACC28697,1945.36,USD,2026-07-24,CP3169
TX1064,ACC28997,6695.24,USD,2026-04-02,CP3134
TX1065,ACC1,10.00,EUR,not-a-date,CP1
TX1066,ACC83675,9582.15,USD,2026-07-04,CP17
TX1067,ACC58478,3676.47,GBP,2026-02-01,CP2869
TX1068,ACC38492,5535.35,USD,2026-08-25,CP4315
TX1069,ACC37230,1493.36,GBP,2026-05-12,CP701
TX1070,ACC46414,7803.47,GBP,2026-12-29,CP4650
TX1071,ACC72634,2113.96,USD,2026-07-23,CP614
TX1072,ACC68163,1245.74,USD,2026-03-20,CP1864
TX1073,ACC73099,1083.91,EUR,2026-09-25,CP1007
TX1074,ACC7400,446.97,EUR,2026-12-17,CP4896
TX1075,ACC36872,7379.76,GBP,2026-07-12,CP2532
TX1076,ACC22829,3737.37,GBP,2026-09-16,CP38
TX1077,ACC15251,2696.94,EUR,2026-10-10,CP4278
TX1078,ACC85199,4432.49,GBP,2026-09-07,CP3838
TX1079,ACC93916,2202.37,EUR,2026-08-28,CP2325
TX1080,ACC87932,5165.63,GBP,2026-11-03,CP1643
TX1081,ACC93988,6857.75,EUR,2026-01-16,CP4072
TX1082,ACC64826,4792.44,USD,2026-09-24,CP1198
TX1083,ACC60088,4551.05,USD,2026-03-17,CP3855
TX1084,ACC75343,7627.78,GBP,2026-08-28,CP3860
TX1085,ACC79410,9909.35,USD,2026-05-14,CP2763
TX1086,ACC63506,4327.89,USD,2026-05-08,CP3994
TX1087,ACC58356,3850.65,USD,2026-03-06,CP2270
TX1088,ACC52721,5747.88,USD,2026-12-12,CP2515
TX1089,ACC31312,2496.9,USD,2026-07-04,CP2742
TX1090,ACC77936,9021.21,USD,2026-02-23,CP3719
TX1091,ACC10547,3954.41,USD,2026-02-09,CP776
TX1092,ACC96198,732.74,GBP,2026-07-04,CP2249
TX1093,ACC86161,3343.87,EUR,2026-01-03,CP3910
TX1094,ACC63706,7964.23,GBP,2026-07-26,CP4016
TX1095,ACC82909,6859.63,EUR,2026-06-08,CP1531
TX1096,ACC39773,4031.46,USD,2026-02-20,CP2779
TX1097,ACC44145,7182.23,USD,2026-06-05,CP1443
TX1098,ACC1,-5.00,EUR,2026-02-01,CP1
TX1099,ACC22535,5610.92,USD,2026-08-20,CP1278
TX1100,ACC39682,2110.79,GBP,2026-07-04,CP1227
TX1101,ACC55564,35.42,USD,2026-06-27,CP4006
TX1102,ACC62973,7706.59,GBP,2026-12-02,CP1187
TX1103,ACC14272,2479.71,GBP,2026-04-07,CP917
TX1104,ACC2536,9742.69,EUR,2026-02-06,CP1777
TX1105,ACC1,10.00,XXX,2026-02-01,CP1
TX1106,ACC60709,8489.59,USD,2026-05-06,CP688
TX1107,ACC459,6132.28,EUR,2026-11-02,CP2470
TX1108,ACC814,8493.02,GBP,2026-01-20,CP2991
TX1109,ACC73397,908.99,USD,2026-12-26,CP1405
TX1110,ACC68148,2555.91,EUR,2026-04-26,CP4426
TX1111,ACC12361,5428.72,GBP,2026-11-13,CP3525
TX1112,ACC70352,2081.01,EUR,2026-03-31,CP2167
TX1113,ACC14428,713.77,USD,2026-11-05,CP4507
TX1114,ACC36170,2012.56,GBP,2026-08-31,CP3963
TX1115,ACC16226,7231.58,GBP,2026-10-08,CP2937
TX1116,ACC23430,450.25,USD,2026-11-24,CP1094
TX1117,ACC31385,7008.55,GBP,2026-09-24,CP3215
TX1118,ACC55232,298.81,USD,2026-02-11,CP1318
TX1119,ACC8473,7167.95,USD,2026-06-06,CP2334
TX1120,ACC89945,2166.65,EUR,2026-08-31,CP4010
TX1121,ACC3057,5681.91,GBP,2026-11-17,CP2496
TX1122,ACC3529,2846.91,USD,2026-06-02,CP609
TX1123,ACC2652,5966.6,EUR,2026-10-11,CP3068
TX1124,ACC91128,4199.52,USD,2026-03-24,CP3059
TX1125,ACC12613,4276.1,EUR,2026-01-10,CP1034
TX1126,ACC56595,7922.16,USD,2026-12-08,CP4900
TX1127,ACC1652,810.67,GBP,2026-04-11,CP1434
TX1128,ACC68965,1540.69,GBP,2026-04-28,CP1756
TX1129,ACC26461,8499.55,GBP,2026-01-26,CP748
TX1130,ACC51968,6074.62,USD,2026-09-28,CP665
TX1131,ACC74333,4601.08,USD,2026-10-15,CP4497
TX1132,ACC98564,9457.66,EUR,2026-10-10,CP3734
TX1133,ACC86729,4202.17,EUR,2026-03-28,CP4459
TX1134,ACC63019,7066.89,GBP,2026-01-21,CP921
TX1135,ACC83840,9803.94,GBP,2026-09-25,CP341
TX1136,ACC68235,7874.99,GBP,2026-10-16,CP2754
TX1137,ACC40685,9714.39,EUR,2026-10-11,CP4887
TX1138,ACC1214,859.25,GBP,2026-02-19,CP2264
TX1139,ACC20771,6560.1,GBP,2026-10-13,CP486
TX1140,ACC40461,986.79,GBP,2026-06-24,CP1403
TX1141,ACC30080,401.06,USD,2026-10-20,CP955
TX1142,ACC42552,9983.22,EUR,2026-07-31,CP2557
TX1143,ACC50241,9516.82,GBP,2026-05-14,CP1613
TX1144,ACC53831,1210.58,USD,2026-09-20,CP477
TX1145,ACC1431,872.46,GBP,2026-02-23,CP1370
TX1146,ACC10468,5228.74,USD,2026-01-31,CP3584
TX1147,ACC1,10.00,XXX,2026-02-01,CP1
TX1148,ACC76924,2961.64,USD,2026-01-24,CP4779
TX1149,ACC18823,974.39,GBP,2026-04-05,CP300
TX1150,ACC60284,8171.25,EUR,2026-03-24,CP3576
TX1151,ACC63371,6573.86,USD,2026-11-08,CP4529
TX1152,ACC33246,5908.92,USD,2026-01-19,CP2569
TX1153,ACC17927,6354.88,USD,2026-11-16,CP1142
TX1154,ACC57814,2727.84,EUR,2026-08-05,CP1081
TX1155,ACC7682,7609.23,USD,2026-10-13,CP2994
TX1156,ACC44203,484.25,USD,2026-07-15,CP377
TX1157,ACC84125,7548.64,USD,2026-05-10,CP3066
TX1158,ACC88370,9455.38,EUR,2026-02-07,CP1267
TX1159,ACC21954,898.1,USD,2026-01-29,CP519
TX1160,ACC52002,2548.51,EUR,2026-11-06,CP758
TX1161,ACC24829,8244.13,USD,2026-02-01,CP109
TX1162,ACC85171,7855.96,GBP,2026-07-30,CP1513
TX1163,ACC29413,605.5,GBP,2026-03-16,CP4469
TX1164,ACC433,7169.07,GBP,2026-04-06,CP4075
TX1165,ACC89803,4804.0,EUR,2026-09-26,CP2836
TX1166,ACC24208,2548.66,USD,2026-07-12,CP1744
TX1167,ACC42724,7243.48,EUR,2026-03-07,CP4447
TX1168,ACC22439,9056.62,GBP,2026-02-19,CP3316
TX1169,ACC90401,9185.56,GBP,2026-05-14,CP1433
TX1170,ACC88527,7423.02,USD,2026-01-17,CP3178
TX1171,ACC24173,1227.34,USD,2026-11-26,CP2367
TX1172,ACC75611,1653.11,GBP,2026-05-09,CP3561
TX1173,ACC89239,3765.06,USD,2026-11-09,CP2762
TX1174,ACC94696,4054.52,GBP,2026-06-24,CP3050
TX1175,ACC1,10.00,EUR,2026-02-01
TX1176,ACC58887,7604.09,GBP,2026-10-30,CP3468
TX1177,ACC16225,6106.09,EUR,2026-10-16,CP1467
TX1178,ACC26689,8544.2,GBP,2026-01-22,CP3143
TX1179,ACC51349,6102.57,USD,2026-03-31,CP1180
TX1180,ACC92905,8904.97,GBP,2026-08-20,CP3246
TX1181,ACC28194,3825.91,USD,2026-06-03,CP2683
TX1182,ACC79353,7529.94,USD,2026-04-15,CP2404
TX1183,ACC16656,8550.9,EUR,2026-11-22,CP222
TX1184,ACC36788,3751.4,USD,2026-01-15,CP2586
TX1185,ACC17933,279.31,EUR,2026-04-19,CP1966
TX1186,ACC96273,1957.35,EUR,2026-12-01,CP4577
TX1187,ACC66893,7239.9,EUR,2026-09-09,CP3071
TX1188,ACC27904,4202.76,USD,2026-04-27,CP961
TX1189,ACC98454,3453.5,EUR,2026-03-26,CP1773
TX1190,ACC74199,9291.33,USD,2026-07-24,CP4010
TX1191,ACC87511,971.1,EUR,2026-01-04,CP1637
TX1192,ACC7063,7959.81,GBP,2026-01-29,CP4068
TX1193,ACC81252,9299.79,EUR,2026-10-10,CP3195
TX1194,ACC51019,5732.67,EUR,2026-12-19,CP1840
TX1195,ACC67481,4842.17,EUR,2026-03-28,CP1710
TX1196,ACC42847,5893.33,USD,2026-02-11,CP2308
TX1197,ACC12788,6676.47,EUR,2026-11-26,CP1984
TX1198,ACC57246,9090.2,USD,2026-10-24,CP4309
TX1199,ACC68114,550.66,USD,2026-03-30,CP2756
TX1200,ACC76427,7124.41,EUR,2026-04-28,CP4714
TX1201,ACC4797,6384.92,EUR,2026-05-16,CP706
TX1202,ACC81681,2033.43,GBP,2026-05-22,CP3487
TX1203,ACC89262,2660.96,EUR,2026-08-15,CP4679
TX1204,ACC5320,7756.91,EUR,2026-09-21,CP4357
TX1205,ACC89405,3809.2,EUR,2026-02-17,CP2111
TX1206,ACC72848,4921.12,EUR,2026-11-15,CP4080
TX1207,ACC11548,7233.15,EUR,2026-05-10,CP2692
TX1208,ACC19180,1546.88,EUR,2026-07-03,CP4069
TX1209,ACC1,-5.00,EUR,2026-02-01,CP1
TX1210,ACC98076,4100.95,GBP,2026-08-18,CP4621
TX1211,ACC5279,4284.32,GBP,2026-10-04,CP2207
TX1212,ACC41760,3058.93,EUR,2026-06-18,CP4601
TX1213,ACC1,10.00,XXX,2026-02-01,CP1
TX1214,ACC63288,7043.31,USD,2026-01-14,CP4402
TX1215,ACC6357,6944.27,USD,2026-10-19,CP1682
TX1216,ACC69892,5759.22,GBP,2026-04-16,CP1228
TX1217,ACC28947,7163.43,EUR,2026-10-08,CP4786
TX1218,ACC60392,8025.14,EUR,2026-04-30,CP1753
TX1219,ACC71333,6452.78,EUR,2026-02-06,CP4022
TX1220,ACC20377,2563.74,GBP,2026-12-12,CP4856
TX1221,ACC86465,5578.79,USD,2026-08-07,CP1934
TX1222,ACC51254,8153.9,USD,2026-11-29,CP2144
TX1223,ACC26932,3037.36,GBP,2026-02-25,CP4577
TX1224,ACC42185,1632.68,EUR,2026-08-09,CP1122
TX1225,ACC4392,5819.24,GBP,2026-02-13,CP4094
TX1226,ACC72644,2260.17,GBP,2026-02-02,CP4050
TX1227,ACC8094,9840.55,EUR,2026-05-22,CP1306
TX1228,ACC5260,9101.11,GBP,2026-01-03,CP1884
TX1229,ACC77240,9693.76,EUR,2026-01-30,CP548
TX1230,ACC75764,8754.5,USD,2026-12-20,CP1994
TX1231,ACC3821,8762.18,USD,2026-07-06,CP2422
TX1232,ACC10544,2204.81,USD,2026-07-23,CP313
TX1233,ACC31327,6820.3,GBP,2026-02-21,CP1235
TX1234,ACC59009,1235.93,GBP,2026-08-23,CP1852
TX1235,ACC24632,7186.44,GBP,2026-10-08,CP900
TX1236,ACC90478,7901.94,GBP,2026-09-26,CP1042
TX1237,ACC85254,5814.46,EUR,2026-04-22,CP3449
TX1238,ACC47007,8183.92,USD,2026-01-26,CP4915
TX1239,ACC74991,6419.43,USD,2026-08-08,CP2851
TX1240,ACC41999,5257.07,USD,2026-07-25,CP4403
TX1241,ACC61052,8963.32,EUR,2026-10-03,CP2685
TX1242,ACC11130,3709.9,EUR,2026-08-05,CP4519
TX1243,ACC52567,6260.07,USD,2026-07-07,CP2342
TX1244,ACC88352,1412.02,EUR,2026-05-10,CP142
TX1245,ACC67802,7304.7,GBP,2026-02-19,CP4987
TX1246,ACC1,10.00,EUR,2026-02-01
TX1247,ACC37258,7803.3,EUR,2026-12-19,CP4493
TX1248,ACC18933,9657.11,GBP,2026-05-11,CP4035
TX1249,ACC65176,3456.82,GBP,2026-08-29,CP2587
TX1250,ACC3947,7881.96,GBP,2026-08-03,CP3145
TX1251,ACC60228,1261.99,EUR,2026-11-18,CP3510
TX1252,ACC85508,3461.27,GBP,2026-09-02,CP4161
TX1253,ACC14070,7299.29,EUR,2026-07-24,CP2883
TX1254,ACC64482,6541.78,GBP,2026-02-28,CP497
TX1255,ACC58921,4348.14,GBP,2026-12-08,CP120
TX1256,ACC62132,7857.01,GBP,2026-06-22,CP3569
TX1257,ACC64714,9323.14,USD,2026-11-20,CP732
TX1258,ACC11579,9420.88,EUR,2026-03-25,CP1711
TX1259,ACC31894,6231.66,USD,2026-08-03,CP3616
TX1260,ACC18928,5993.48,GBP,2026-12-09,CP4556
TX1261,ACC81764,7127.92,USD,2026-07-27,CP11
TX1262,ACC64924,5689.75,USD,2026-10-31,CP2058
TX1263,ACC45746,9022.55,GBP,2026-01-22,CP4049
TX1264,ACC80488,4223.51,GBP,2026-02-20,CP3715
TX1265,ACC14990,4788.95,EUR,2026-11-05,CP3865
TX1266,ACC39138,9619.8,GBP,2026-01-17,CP2799
TX1267,ACC14239,1055.73,GBP,2026-01-26,CP3820
TX1268,ACC90497,8284.08,EUR,2026-01-20,CP1131
TX1269,ACC44315,5469.63,USD,2026-07-09,CP2783
TX1270,ACC11044,3286.22,GBP,2026-05-22,CP3448
TX1271,ACC26870,9312.19,GBP,2026-06-05,CP3956
TX1272,ACC90178,5503.99,EUR,2026-01-25,CP640
TX1273,ACC82116,3766.69,GBP,2026-03-06,CP2985
TX1274,ACC77773,5906.69,EUR,2026-02-18,CP3544
TX1275,ACC69496,4232.26,GBP,2026-04-02,CP3711
TX1276,ACC25377,5304.31,EUR,2026-02-16,CP932
TX1277,ACC14263,9116.75,GBP,2026-12-25,CP2452
TX1278,ACC31195,5229.02,USD,2026-11-08,CP2197
TX1279,ACC19749,5929.99,EUR,2026-09-11,CP1919
TX1280,ACC92500,2997.71,EUR,2026-07-10,CP916
TX1281,ACC39701,277.87,GBP,2026-08-12,CP3395
TX1282,ACC4221,2327.15,EUR,2026-12-30,CP3857
TX1283,ACC73683,2473.23,GBP,2026-03-22,CP574
TX1284,ACC57115,7326.37,GBP,2026-01-10,CP959
TX1285,ACC50367,2844.91,GBP,2026-06-19,CP300
TX1286,ACC29586,1695.99,GBP,2026-03-20,CP3734
TX1287,ACC1,10.00,EUR,not-a-date,CP1
TX1288,ACC64726,4912.17,USD,2026-01-31,CP1664
TX1289,ACC31948,8981.65,USD,2026-09-09,CP4391
TX1290,ACC47273,5874.42,GBP,2026-04-17,CP3200
TX1291,ACC6886,148.13,GBP,2026-08-28,CP4340
TX1292,ACC37927,6047.4,USD,2026-01-06,CP1202
TX1293,ACC93424,7869.28,EUR,2026-08-16,CP3867
TX1294,ACC58373,6020.43,GBP,2026-08-19,CP3400
TX1295,ACC66256,4221.06,USD,2026-04-28,CP2169
TX1296,ACC14487,1320.43,EUR,2026-07-24,CP3479
TX1297,ACC61929,543.29,EUR,2026-01-18,CP3312
TX1298,ACC36572,6078.48,EUR,2026-11-17,CP2788
TX1299,ACC1,10.00,XXX,2026-02-01,CP1
TX1300,ACC7272,9586.14,EUR,2026-02-20,CP4810
TX1301,ACC1,10.00,EUR,2026-02-01
TX1302,ACC98600,7130.08,EUR,2026-04-13,CP604
TX1303,ACC7,6864.02,EUR,2026-04-23,CP4250
TX1304,ACC87363,3919.99,USD,2026-05-27,CP4020
TX1305,ACC51237,9498.45,USD,2026-09-19,CP635
TX1306,ACC63648,8274.01,GBP,2026-12-03,CP287
TX1307,ACC33277,2192.7,GBP,2026-04-28,CP1895
TX1308,ACC61909,8783.02,EUR,2026-07-14,CP4796
TX1309,ACC56028,5343.8,EUR,2026-04-25,CP4144
TX1310,ACC66871,1586.99,EUR,2026-10-05,CP2199
TX1311,ACC28059,7574.98,GBP,2026-10-22,CP2741
TX1312,ACC1,10.00,EUR,2026-02-01
TX1313,ACC9283,8241.55,USD,2026-12-03,CP1287
TX1314,ACC83424,9968.23,GBP,2026-04-06,CP3703
TX1315,ACC73699,3159.73,USD,2026-03-14,CP4110
TX1316,ACC34986,6901.0,GBP,2026-02-02,CP949
TX1317,ACC54808,359.24,GBP,2026-08-19,CP1436
TX1318,ACC26822,547.81,USD,2026-04-29,CP2208
TX1319,ACC81131,6403.57,GBP,2026-03-19,CP576
TX1320,ACC96904,2484.9,USD,2026-02-26,CP3380
TX1321,ACC77506,6011.9,GBP,2026-08-30,CP2428
TX1322,ACC27050,3887.82,GBP,2026-04-19,CP4764
TX1323,ACC10936,7259.47,USD,2026-06-01,CP3273
TX1324,ACC4171,3279.82,USD,2026-10-24,CP4914
TX1325,ACC52987,8445.1,USD,2026-03-15,CP3183
TX1326,ACC13106,1886.07,GBP,2026-06-04,CP2751
TX1327,ACC51114,5949.47,USD,2026-10-08,CP82
TX1328,ACC77183,2751.15,EUR,2026-01-31,CP2968
TX1329,ACC60564,904.54,USD,2026-01-09,CP3937
TX1330,ACC89523,4952.72,EUR,2026-08-17,CP3009
TX1331,ACC63508,9230.2,EUR,2026-11-29,CP1595
TX1332,ACC26235,7524.01,GBP,2026-10-22,CP861
TX1333,ACC74074,504.76,EUR,2026-04-19,CP1436
TX1334,ACC26993,1220.01,GBP,2026-08-01,CP3283
TX1335,ACC60086,6727.69,GBP,2026-05-08,CP2501
TX1336,ACC12849,643.11,EUR,2026-05-29,CP269
TX1337,ACC46174,6395.77,GBP,2026-01-30,CP1097
TX1338,ACC70942,8449.97,USD,2026-11-03,CP4266
TX1339,ACC84370,1943.16,USD,2026-11-09,CP37
TX1340,ACC73976,7816.54,USD,2026-08-22,CP1642
TX1341,ACC82839,1823.08,GBP,2026-06-29,CP3997
TX1342,ACC14102,3278.67,EUR,2026-04-04,CP3361
TX1343,ACC39104,4684.48,EUR,2026-11-12,CP1675
TX1344,ACC75202,8978.32,EUR,2026-08-26,CP4641
TX1345,ACC32621,3112.26,USD,2026-09-17,CP3847
TX1346,ACC19647,9376.73,EUR,2026-06-10,CP4840
TX1347,ACC11177,4425.87,GBP,2026-01-17,CP457
TX1348,ACC66401,8654.47,USD,2026-02-11,CP1195
TX1349,ACC22812,5664.37,GBP,2026-02-24,CP4487
TX1350,ACC67974,4773.55,GBP,2026-02-17,CP1564
TX1351,ACC89749,3631.49,USD,2026-11-04,CP2752
TX1352,ACC28347,2759.44,EUR,2026-10-15,CP3455
TX1353,ACC64218,6321.58,EUR,2026-02-14,CP1098
TX1354,ACC84188,7253.68,USD,2026-01-28,CP4554
TX1355,ACC60425,5613.12,GBP,2026-01-13,CP2628
TX1356,ACC87287,4846.37,USD,2026-10-14,CP1728
TX1357,ACC95613,5141.2,USD,2026-08-13,CP554
TX1358,ACC9880,5254.21,EUR,2026-05-27,CP3644
TX1359,ACC12088,5920.93,USD,2026-02-10,CP2880
TX1360,ACC52807,3892.34,GBP,2026-03-01,CP3640
TX1361,ACC10021,1510.42,EUR,2026-01-04,CP4353
TX1362,ACC4207,7508.1,GBP,2026-10-10,CP2776
TX1363,ACC9276,2589.6,EUR,2026-10-11,CP1452
TX1364,ACC68220,7830.48,GBP,2026-01-13,CP665
TX1365,ACC47066,1293.77,GBP,2026-01-27,CP3293
TX1366,ACC8663,973.93,EUR,2026-01-17,CP1920
TX1367,ACC66697,6382.88,EUR,2026-06-05,CP51
TX1368,ACC62960,6746.46,USD,2026-08-25,CP811
TX1369,ACC34586,7703.67,EUR,2026-09-01,CP4727
TX1370,ACC4098,7701.03,EUR,2026-09-09,CP3683
TX1371,ACC1,10.00,EUR,not-a-date,CP1
TX1372,ACC94815,2926.51,EUR,2026-01-18,CP1782
TX1373,ACC82129,1915.04,USD,2026-02-25,CP3428
TX1374,ACC86812,7377.26,USD,2026-08-02,CP4385
TX1375,ACC61866,6239.19,USD,2026-04-24,CP685
TX1376,ACC60217,7673.32,EUR,2026-01-05,CP3910
TX1377,ACC56773,4667.36,GBP,2026-08-21,CP528
TX1378,ACC77780,4228.96,USD,2026-07-12,CP353
TX1379,ACC87996,2880.15,GBP,2026-12-21,CP2189
TX1380,ACC61078,4648.65,EUR,2026-09-21,CP531
TX1381,ACC41005,9134.72,USD,2026-06-04,CP1835
TX1382,ACC9141,7021.66,EUR,2026-01-20,CP3716
TX1383,ACC42351,2140.47,USD,2026-05-31,CP4566
TX1384,ACC48341,4076.12,GBP,2026-09-28,CP652
TX1385,ACC13122,5690.77,GBP,2026-06-28,CP3328
TX1386,ACC69885,3039.44,EUR,2026-11-13,CP4582
TX1387,ACC94570,191.78,EUR,2026-02-27,CP1774
TX1388,ACC70468,781.23,USD,2026-10-15,CP2340
TX1389,ACC34244,9088.96,GBP,2026-09-07,CP4460
TX1390,ACC40621,5836.95,GBP,2026-01-27,CP3101
TX1391,ACC40535,258.85,USD,2026-02-23,CP670
TX1392,ACC57709,5027.78,GBP,2026-11-26,CP3694
TX1393,ACC43582,5366.15,EUR,2026-09-14,CP581
TX1394,ACC78723,6669.36,EUR,2026-09-17,CP849
TX1395,ACC6750,2586.42,USD,2026-03-19,CP4043
TX1396,ACC1,10.00,EUR,not-a-date,CP1
TX1397,ACC74733,1942.79,USD,2026-03-27,CP4396
TX1398,ACC5228,2304.49,GBP,2026-06-12,CP850
TX1399,ACC99922,3222.17,EUR,2026-10-01,CP2062
TX1400,ACC57424,4549.02,EUR,2026-07-03,CP1201
TX1401,ACC57279,2707.66,GBP,2026-10-06,CP2938
TX1402,ACC69129,5525.74,EUR,2026-07-15,CP328
TX1403,ACC29916,5063.31,GBP,2026-08-08,CP3134
TX1404,ACC82212,2357.04,USD,2026-06-10,CP1637
TX1405,ACC66254,8976.09,GBP,2026-02-11,CP2809
TX1406,ACC53345,7060.14,EUR,2026-12-17,CP4314
TX1407,ACC48442,8071.67,EUR,2026-06-26,CP1436
TX1408,ACC8545,1288.62,EUR,2026-05-05,CP106
TX1409,ACC63383,999.26,USD,2026-03-30,CP1113
TX1410,ACC46778,8818.2,EUR,2026-07-25,CP1375
TX1411,ACC88595,4028.18,EUR,2026-09-12,CP3073
TX1412,ACC16066,7745.09,EUR,2026-07-05,CP969
TX1413,ACC6867,4242.84,EUR,2026-05-24,CP4121
TX1414,ACC77148,7642.64,GBP,2026-09-20,CP4231
TX1415,ACC56927,3619.04,EUR,2026-11-19,CP3810
TX1416,ACC32718,5928.69,USD,2026-12-28,CP879
TX1417,ACC38565,9801.26,GBP,2026-09-22,CP2367
TX1418,ACC97202,6837.19,GBP,2026-06-23,CP4585
TX1419,ACC86715,4457.22,GBP,2026-09-03,CP2428
TX1420,ACC21002,1498.18,USD,2026-01-25,CP104
TX1421,ACC69946,6800.84,USD,2026-03-20,CP3445
TX1422,ACC49350,7664.32,GBP,2026-06-13,CP3566
TX1423,ACC17953,3776.27,EUR,2026-11-30,CP182
TX1424,ACC37092,2730.79,EUR,2026-08-29,CP308
TX1425,ACC87828,1868.14,GBP,2026-09-07,CP2351
TX1426,ACC81470,7361.05,USD,2026-03-23,CP3574
TX1427,ACC70011,9311.99,EUR,2026-08-04,CP3312
TX1428,ACC58050,8565.72,USD,2026-08-27,CP1076
TX1429,ACC2956,8884.77,USD,2026-09-18,CP4816
TX1430,ACC93883,51.11,EUR,2026-04-30,CP1070
TX1431,ACC41818,1387.61,USD,2026-08-12,CP3593
TX1432,ACC73585,5710.31,EUR,2026-06-28,CP1288
TX1433,ACC43514,7021.52,GBP,2026-08-24,CP3156
TX1434,ACC18488,9981.88,EUR,2026-10-22,CP228
TX1435,ACC15886,6402.8,EUR,2026-11-01,CP4471
TX1436,ACC93137,114.63,GBP,2026-03-23,CP2409
TX1437,ACC76732,2678.71,EUR,2026-09-23,CP199
TX1438,ACC20679,3809.94,GBP,2026-04-17,CP4751
TX1439,ACC64892,1585.1,USD,2026-08-17,CP4376
TX1440,ACC1,10.00,EUR,not-a-date,CP1
TX1441,ACC82607,1287.98,GBP,2026-12-25,CP2277
TX1442,ACC56309,1063.49,EUR,2026-12-08,CP631
TX1443,ACC67318,8687.52,USD,2026-10-19,CP3636
TX1444,ACC36870,2629.1,GBP,2026-01-14,CP688
TX1445,ACC36071,208.93,GBP,2026-08-02,CP1724
TX1446,ACC20000,1696.35,USD,2026-02-25,CP3233
TX1447,ACC52232,6637.82,GBP,2026-10-05,CP4222
TX1448,ACC10898,2582.15,GBP,2026-11-23,CP3823
TX1449,ACC28397,9826.0,USD,2026-06-16,CP1492
TX1450,ACC39679,9741.53,GBP,2026-09-04,CP1590
TX1451,ACC2899,2183.76,USD,2026-12-08,CP3186
TX1452,ACC61932,779.22,USD,2026-05-12,CP3556
TX1453,ACC64613,5849.12,EUR,2026-04-14,CP4107
TX1454,ACC92066,2255.53,EUR,2026-05-07,CP4527
TX1455,ACC1,10.00,EUR,not-a-date,CP1
TX1456,ACC15571,9618.92,USD,2026-03-13,CP747
TX1457,ACC17015,722.61,GBP,2026-06-10,CP281
TX1458,ACC55028,3797.44,USD,2026-09-20,CP4303
TX1459,ACC69234,555.46,GBP,2026-11-15,CP2988
TX1460,ACC44947,4406.74,EUR,2026-11-06,CP2809
TX1461,ACC39775,6139.28,USD,2026-05-03,CP4231
TX1462,ACC1,10.00,EUR,not-a-date,CP1
TX1463,ACC41343,4058.07,EUR,2026-03-17,CP2684
TX1464,ACC11791,1352.83,EUR,2026-11-16,CP3307
TX1465,ACC56072,4753.61,EUR,2026-08-14,CP4921
TX1466,ACC27584,9755.58,GBP,2026-01-04,CP4784
TX1467,ACC17699,4275.32,EUR,2026-12-07,CP1932
TX1468,ACC18268,8154.95,EUR,2026-04-14,CP3801
TX1469,ACC75061,8559.26,USD,2026-01-03,CP1342
TX1470,ACC86673,3569.25,USD,2026-08-28,CP225
TX1471,ACC13061,4902.0,GBP,2026-10-28,CP901
TX1472,ACC79852,3799.82,GBP,2026-02-18,CP1591
TX1473,ACC45494,5201.77,EUR,2026-01-06,CP3156
TX1474,ACC36320,4728.91,USD,2026-05-26,CP2796
TX1475,ACC44766,1976.41,GBP,2026-11-01,CP644
TX1476,ACC2290,254.85,USD,2026-02-09,CP1739
TX1477,ACC36004,6723.88,EUR,2026-09-15,CP28
TX1478,ACC25678,1376.42,GBP,2026-03-25,CP3176
TX1479,ACC98474,3109.63,EUR,2026-07-15,CP4950
TX1480,ACC50890,8766.26,GBP,2026-11-24,CP4137
TX1481,ACC1,10.00,XXX,2026-02-01,CP1
TX1482,ACC74200,9592.87,USD,2026-06-24,CP2948
TX1483,ACC90008,5842.93,USD,2026-12-31,CP1234
TX1484,ACC313,5365.44,GBP,2026-02-27,CP4297
TX1485,ACC39189,7663.23,EUR,2026-05-26,CP2516
TX1486,ACC35158,5960.76,GBP,2026-07-16,CP2732
TX1487,ACC8658,9859.92,EUR,2026-07-19,CP2857
TX1488,ACC38229,8904.1,GBP,2026-04-10,CP1748
TX1489,ACC69645,7084.15,USD,2026-09-10,CP4563
TX1490,ACC10854,3213.81,EUR,2026-05-19,CP699
TX1491,ACC141,1095.63,GBP,2026-02-26,CP1584
TX1492,ACC36864,2707.2,EUR,2026-11-12,CP1136
TX1493,ACC56126,2632.08,GBP,2026-11-01,CP1877
TX1494,ACC34504,2393.79,GBP,2026-09-23,CP1692
TX1495,ACC36563,2734.12,EUR,2026-11-10,CP1767
TX1496,ACC95519,4921.06,USD,2026-11-01,CP2317
TX1497,ACC85764,6237.33,GBP,2026-04-04,CP4417
TX1498,ACC88493,5006.16,GBP,2026-05-25,CP2560
TX1499,ACC86757,5538.56,GBP,2026-09-16,CP4503
TX1500,ACC67815,569.48,USD,2026-11-26,CP572
TX1501,ACC41432,9473.75,EUR,2026-10-04,CP3143
TX1502,ACC29045,656.1,EUR,2026-10-28,CP1213
TX1503,ACC56111,2694.77,USD,2026-11-24,CP2887
TX1504,ACC84836,8811.04,GBP,2026-01-14,CP100
TX1505,ACC3351,4499.16,USD,2026-07-03,CP1363
TX1506,ACC40526,4120.31,USD,2026-12-07,CP469
TX1507,ACC92157,7103.78,GBP,2026-08-22,CP3231
TX1508,ACC95084,395.06,USD,2026-03-22,CP317
TX1509,ACC87973,7263.49,GBP,2026-04-13,CP1823
TX1510,ACC33297,480.59,EUR,2026-03-31,CP1983
TX1511,ACC19029,572.93,GBP,2026-12-05,CP4212
TX1512,ACC21578,6915.7,USD,2026-01-04,CP287
TX1513,ACC2069,1603.18,EUR,2026-12-18,CP341
TX1514,ACC43999,7632.46,GBP,2026-01-15,CP132
TX1515,ACC66218,4336.56,USD,2026-12-19,CP1162
TX1516,ACC37582,9966.45,GBP,2026-06-11,CP4760
TX1517,ACC1967,6832.65,GBP,2026-03-06,CP3577
TX1518,ACC5377,5860.34,USD,2026-09-15,CP2665
TX1519,ACC10803,6064.71,EUR,2026-03-22,CP3519
TX1520,ACC14713,4225.89,EUR,2026-08-16,CP833
TX1521,ACC85077,3519.99,GBP,2026-02-10,CP725
TX1522,ACC29413,9822.01,USD,2026-06-16,CP3149
TX1523,ACC74686,8695.53,GBP,2026-05-24,CP3980
TX1524,ACC1,10.00,EUR,not-a-date,CP1
TX1525,ACC73924,1365.16,GBP,2026-07-23,CP4573
TX1526,ACC45504,4748.22,EUR,2026-06-25,CP4101
TX1527,ACC29214,7417.67,EUR,2026-04-04,CP77
TX1528,ACC19549,3385.21,EUR,2026-09-19,CP4005
TX1529,ACC20835,8112.04,GBP,2026-06-07,CP3442
TX1530,ACC45072,5347.62,USD,2026-11-20,CP3426
TX1531,ACC66654,1276.07,GBP,2026-08-02,CP3180
TX1532,ACC1,10.00,EUR,not-a-date,CP1
TX1533,ACC2942,4674.49,EUR,2026-12-22,CP4229
TX1534,ACC57398,678.02,EUR,2026-04-24,CP1254
TX1535,ACC61552,25.16,EUR,2026-07-06,CP638
TX1536,ACC55200,5658.4,USD,2026-01-06,CP3464
TX1537,ACC79563,3620.58,GBP,2026-11-09,CP2587
TX1538,ACC31286,9704.37,EUR,2026-11-21,CP2459
TX1539,ACC7215,2531.22,EUR,2026-11-16,CP199
TX1540,ACC80781,3915.83,USD,2026-01-16,CP3274
TX1541,ACC1,10.00,XXX,2026-02-01,CP1
TX1542,ACC45832,9621.0,EUR,2026-04-26,CP4491
TX1543,ACC25664,2164.43,EUR,2026-08-08,CP421
TX1544,ACC82933,4337.44,GBP,2026-03-12,CP1320
TX1545,ACC1,10.00,EUR,2026-02-01
TX1546,ACC36126,2287.61,GBP,2026-04-16,CP2049
TX1547,ACC50382,4430.95,USD,2026-04-10,CP2179
TX1548,ACC92948,3375.41,GBP,2026-11-28,CP238
TX1549,ACC53010,844.83,GBP,2026-04-14,CP4136
TX1550,ACC99050,1496.91,USD,2026-08-02,CP4
TX1551,ACC36587,1218.03,USD,2026-01-09,CP4981
TX1552,ACC96634,2957.2,EUR,2026-09-06,CP1155
TX1553,ACC74351,2492.34,EUR,2026-05-08,CP3806
TX1554,ACC54359,5631.11,GBP,2026-07-23,CP2894
TX1555,ACC43423,991.9,EUR,2026-06-14,CP1412
TX1556,ACC46443,8453.75,GBP,2026-06-08,CP4952
TX1557,ACC74522,8624.15,GBP,2026-03-06,CP4319
TX1558,ACC81444,525.52,EUR,2026-02-26,CP3285
TX1559,ACC60751,492.82,EUR,2026-12-04,CP4394
TX1560,ACC20231,2080.41,GBP,2026-08-01,CP2564
TX1561,ACC12883,126.9,USD,2026-01-29,CP1396
TX1562,ACC98426,4099.23,EUR,2026-10-16,CP1159
TX1563,ACC51371,6165.52,EUR,2026-08-05,CP1778
TX1564,ACC92309,5861.44,EUR,2026-07-10,CP160
TX1565,ACC94672,8558.54,GBP,2026-08-14,CP1471
TX1566,ACC8422,98.65,EUR,2026-06-26,CP3951
TX1567,ACC37734,9618.44,USD,2026-03-19,CP3088
TX1568,ACC18187,6222.37,USD,2026-07-04,CP3439
TX1569,ACC84705,3245.51,EUR,2026-05-03,CP2350
TX1570,ACC76604,3196.82,EUR,2026-04-12,CP642
TX1571,ACC32208,84.88,GBP,2026-01-21,CP4531
TX1572,ACC80483,7782.59,GBP,2026-12-30,CP2989
TX1573,ACC99096,4609.37,GBP,2026-06-05,CP1902
TX1574,ACC94741,8149.4,GBP,2026-02-10,CP821
TX1575,ACC11110,3382.46,USD,2026-11-13,CP1150
TX1576,ACC48353,2360.47,USD,2026-06-14,CP1743
TX1577,ACC58475,1413.73,USD,2026-06-29,CP3484
TX1578,ACC54376,2349.38,EUR,2026-04-25,CP3213
TX1579,ACC44299,8864.54,USD,2026-09-26,CP2780
TX1580,ACC69832,5244.69,GBP,2026-09-29,CP4720
TX1581,ACC91713,3192.98,EUR,2026-12-17,CP2662
TX1582,ACC53004,448.01,EUR,2026-06-15,CP4339
TX1583,ACC63293,460.25,USD,2026-08-08,CP1170
TX1584,ACC24899,3613.1,GBP,2026-08-29,CP1274
TX1585,ACC23246,919.98,USD,2026-05-05,CP4640
TX1586,ACC40630,2921.02,GBP,2026-09-15,CP1980
TX1587,ACC80334,8760.64,EUR,2026-05-15,CP1494
TX1588,ACC17017,4287.58,USD,2026-09-16,CP633
TX1589,ACC45603,4750.64,GBP,2026-05-09,CP362
TX1590,ACC43926,2715.15,GBP,2026-04-28,CP1849
TX1591,ACC1,10.00,XXX,2026-02-01,CP1
TX1592,ACC95551,1017.67,GBP,2026-04-17,CP4345
TX1593,ACC94518,5436.57,USD,2026-07-13,CP2686
TX1594,ACC26150,768.94,EUR,2026-08-21,CP3781
TX1595,ACC58918,2056.73,USD,2026-10-18,CP3571
TX1596,ACC20510,6084.37,USD,2026-11-05,CP1911
TX1597,ACC7440,13.19,USD,2026-08-21,CP2804
TX1598,ACC84572,8652.71,GBP,2026-12-12,CP2387
TX1599,ACC30941,4719.28,EUR,2026-10-15,CP1585
TX1600,ACC14015,1377.03,EUR,2026-08-17,CP2660
TX1601,ACC42134,356.82,EUR,2026-06-09,CP3911
TX1602,ACC82135,6655.24,EUR,2026-02-26,CP643
TX1603,ACC69292,3994.58,USD,2026-05-30,CP781
TX1604,ACC70274,7942.92,USD,2026-12-22,CP4683
TX1605,ACC23458,9047.25,USD,2026-11-08,CP4367
TX1606,ACC83993,9962.1,EUR,2026-06-06,CP4886
TX1607,ACC30088,6396.0,USD,2026-09-26,CP3589
TX1608,ACC75268,2587.92,USD,2026-02-27,CP4259
TX1609,ACC41018,5376.49,EUR,2026-03-14,CP1885
TX1610,ACC62338,7176.17,EUR,2026-10-20,CP21
TX1611,ACC15266,6363.42,GBP,2026-12-20,CP4280
TX1612,ACC55082,2388.88,GBP,2026-02-21,CP2138
TX1613,ACC73239,6872.77,GBP,2026-06-15,CP3158
TX1614,ACC99506,9407.34,GBP,2026-09-04,CP3608
TX1615,ACC1,10.00,XXX,2026-02-01,CP1
TX1616,ACC66287,8851.18,EUR,2026-03-08,CP4828
TX1617,ACC48770,4351.14,EUR,2026-11-04,CP2880
TX1618,ACC6555,9251.65,GBP,2026-07-10,CP4574
TX1619,ACC81970,4467.07,GBP,2026-04-01,CP3478
TX1620,ACC47740,7813.49,USD,2026-03-12,CP302
TX1621,ACC60316,2222.91,USD,2026-10-15,CP2701
TX1622,ACC66948,945.25,EUR,2026-09-22,CP1063
TX1623,ACC70107,924.6,GBP,2026-12-29,CP704
TX1624,ACC56418,2466.42,EUR,2026-10-14,CP4298
TX1625,ACC1,10.00,EUR,not-a-date,CP1
TX1626,ACC17255,7349.03,GBP,2026-01-08,CP3843
TX1627,ACC1,10.00,XXX,2026-02-01,CP1
TX1628,ACC22735,1057.32,GBP,2026-03-05,CP2158
TX1629,ACC72621,1761.86,USD,2026-04-10,CP1123
TX1630,ACC92915,335.0,USD,2026-08-29,CP3024
TX1631,ACC72643,4428.61,USD,2026-07-07,CP1108
TX1632,ACC10455,2788.15,USD,2026-08-18,CP4029
TX1633,ACC51912,6748.64,EUR,2026-01-18,CP1425
TX1634,ACC61052,4074.34,GBP,2026-08-26,CP50
TX1635,ACC89457,9879.45,USD,2026-03-21,CP4906
TX1636,ACC75751,9688.07,EUR,2026-07-10,CP3318
TX1637,ACC10297,9078.05,EUR,2026-05-06,CP4020
TX1638,ACC93057,7867.59,GBP,2026-01-14,CP3315
TX1639,ACC69046,7178.79,EUR,2026-09-16,CP4447
TX1640,ACC41217,2520.0,USD,2026-07-18,CP541
TX1641,ACC25020,4129.54,USD,2026-03-02,CP4833
TX1642,ACC8306,1955.27,USD,2026-04-02,CP518
TX1643,ACC52391,6220.42,USD,2026-05-21,CP1538
TX1644,ACC91513,6412.12,USD,2026-09-30,CP2358
TX1645,ACC54354,1369.1,EUR,2026-06-29,CP4627
TX1646,ACC85747,8519.29,EUR,2026-08-07,CP1342
TX1647,ACC33130,9973.67,GBP,2026-09-15,CP4127
TX1648,ACC39270,4270.68,EUR,2026-06-12,CP4461
TX1649,ACC46022,1430.41,USD,2026-03-16,CP3247
TX1650,ACC15040,6305.48,USD,2026-12-14,CP2118
TX1651,ACC27792,6952.93,USD,2026-12-16,CP4044
TX1652,ACC73710,9716.88,EUR,2026-07-01,CP4116
TX1653,ACC56532,5627.05,EUR,2026-09-09,CP4577
TX1654,ACC93704,3689.99,GBP,2026-03-25,CP1461
TX1655,ACC59403,6639.78,GBP,2026-06-26,CP3059
TX1656,ACC27542,8725.02,GBP,2026-09-13,CP3688
TX1657,ACC63823,4652.28,USD,2026-04-22,CP812
TX1658,ACC36008,3904.66,GBP,2026-04-19,CP3940
TX1659,ACC33120,9183.84,GBP,2026-05-29,CP1623
TX1660,ACC61583,3313.28,GBP,2026-02-28,CP297
TX1661,ACC28902,8887.36,EUR,2026-06-12,CP133
TX1662,ACC67280,6106.02,EUR,2026-09-07,CP4052
TX1663,ACC85633,9802.18,USD,2026-06-26,CP1794
TX1664,ACC83845,101.5,EUR,2026-06-21,CP1027
TX1665,ACC71083,6641.85,GBP,2026-10-31,CP2584
TX1666,ACC84699,1159.37,GBP,2026-06-17,CP3086
TX1667,ACC65474,690.77,EUR,2026-05-10,CP451
TX1668,ACC80523,3304.43,USD,2026-03-29,CP1061
TX1669,ACC57,3238.89,GBP,2026-08-08,CP1780
TX1670,ACC51151,7556.43,GBP,2026-09-14,CP665
TX1671,ACC24366,8653.34,USD,2026-08-27,CP2197
TX1672,ACC51307,6609.79,GBP,2026-09-18,CP3798
TX1673,ACC97913,2825.33,GBP,2026-07-27,CP2921
TX1674,ACC70333,8887.72,EUR,2026-08-09,CP1187
TX1675,ACC99452,8516.76,EUR,2026-07-25,CP3411
TX1676,ACC15120,5789.46,EUR,2026-10-22,CP703
TX1677,ACC79016,506.1,USD,2026-08-30,CP2225
TX1678,ACC90171,2996.06,GBP,2026-04-18,CP3997
TX1679,ACC49515,3083.79,GBP,2026-07-25,CP4065
TX1680,ACC12925,5688.57,EUR,2026-09-26,CP4601
TX1681,ACC29118,9825.95,EUR,2026-05-06,CP1227
TX1682,ACC88326,7256.96,GBP,2026-04-13,CP1879
TX1683,ACC69551,7111.02,GBP,2026-08-27,CP3628
TX1684,ACC59504,7902.9,EUR,2026-04-16,CP1755
TX1685,ACC55606,4450.04,USD,2026-09-06,CP3531
TX1686,ACC1,10.00,EUR,not-a-date,CP1
TX1687,ACC38010,5985.49,USD,2026-10-15,CP4980
TX1688,ACC9130,7499.78,EUR,2026-03-21,CP1863
TX1689,ACC25510,1083.2,EUR,2026-09-07,CP312
TX1690,ACC50904,9488.0,GBP,2026-06-17,CP2179
TX1691,ACC48660,1876.43,USD,2026-07-18,CP3881
TX1692,ACC78399,627.56,EUR,2026-02-10,CP2270
TX1693,ACC44485,9614.35,GBP,2026-01-12,CP2896
TX1694,ACC3414,2675.26,GBP,2026-07-07,CP4401
TX1695,ACC88574,7078.02,GBP,2026-12-17,CP2015
TX1696,ACC74429,972.31,USD,2026-01-12,CP2970
TX1697,ACC16618,2248.96,EUR,2026-10-12,CP1997
TX1698,ACC9527,7976.4,GBP,2026-08-27,CP3081
TX1699,ACC99800,2590.47,EUR,2026-06-28,CP2550
TX1700,ACC7848,3308.58,USD,2026-04-06,CP4821
TX1701,ACC89762,4260.79,EUR,2026-08-08,CP387
TX1702,ACC22806,716.97,USD,2026-02-02,CP2454
TX1703,ACC96170,3610.92,EUR,2026-02-05,CP3456
TX1704,ACC15719,5195.54,GBP,2026-10-15,CP1674
TX1705,ACC41069,3431.43,GBP,2026-03-13,CP3765
TX1706,ACC53524,1526.56,GBP,2026-11-26,CP3994
TX1707,ACC28485,6768.71,EUR,2026-12-01,CP3300
TX1708,ACC97204,4506.26,EUR,2026-06-14,CP700
TX1709,ACC93892,8306.45,USD,2026-02-23,CP5
TX1710,ACC52342,6696.5,EUR,2026-10-03,CP1135
TX1711,ACC495,3933.09,EUR,2026-09-07,CP3362
TX1712,ACC35209,7416.79,GBP,2026-12-02,CP3092
TX1713,ACC19779,3328.16,USD,2026-01-05,CP1232
TX1714,ACC76198,9489.34,GBP,2026-09-29,CP1585
TX1715,ACC23039,3745.46,GBP,2026-12-21,CP1865
TX1716,ACC61357,1694.8,USD,2026-12-07,CP3494
TX1717,ACC80523,8136.27,USD,2026-08-04,CP2799
TX1718,ACC59183,2118.25,GBP,2026-12-07,CP713
TX1719,ACC78197,5373.98,USD,2026-10-05,CP3477
TX1720,ACC96869,104.99,USD,2026-12-10,CP2384
TX1721,ACC32683,5055.17,EUR,2026-03-06,CP4672
TX1722,ACC18872,9521.85,EUR,2026-01-23,CP1706
TX1723,ACC71399,8392.7,GBP,2026-01-17,CP2364
TX1724,ACC1567,2209.7,EUR,2026-03-17,CP192
TX1725,ACC31204,31.76,USD,2026-03-24,CP4730
TX1726,ACC6633,5625.18,GBP,2026-03-12,CP377
TX1727,ACC94657,2577.08,GBP,2026-02-03,CP3656
TX1728,ACC10593,7231.65,EUR,2026-11-07,CP3729
TX1729,ACC80431,592.44,GBP,2026-06-23,CP3639
TX1730,ACC21508,9099.16,USD,2026-07-18,CP2707
TX1731,ACC86293,8485.25,EUR,2026-08-20,CP4679
TX1732,ACC93943,9341.85,USD,2026-03-08,CP626
TX1733,ACC65924,3191.19,EUR,2026-07-01,CP3747
TX1734,ACC67011,4038.85,USD,2026-12-22,CP3992
TX1735,ACC24115,2408.07,USD,2026-05-17,CP3798
TX1736,ACC36963,4873.75,GBP,2026-08-15,CP715
TX1737,ACC93664,9976.19,EUR,2026-06-08,CP2106
TX1738,ACC13592,1567.39,GBP,2026-11-24,CP550
TX1739,ACC7869,1412.44,EUR,2026-12-21,CP2645
TX1740,ACC52966,4861.68,GBP,2026-12-09,CP4253
TX1741,ACC43051,8061.72,EUR,2026-12-06,CP4366
TX1742,ACC55403,800.33,USD,2026-05-10,CP1700
TX1743,ACC29441,3801.18,USD,2026-09-10,CP2660
TX1744,ACC27860,2707.48,USD,2026-01-06,CP2589
TX1745,ACC21372,2047.09,EUR,2026-06-10,CP4271
TX1746,ACC74388,8950.1,GBP,2026-04-19,CP3957
TX1747,ACC44331,7902.87,USD,2026-07-12,CP4883
TX1748,ACC94334,9595.78,GBP,2026-02-06,CP316
TX1749,ACC4578,7463.26,GBP,2026-07-09,CP1789
TX1750,ACC89760,1544.67,USD,2026-10-30,CP3414
TX1751,ACC73374,85.01,USD,2026-07-18,CP1688
TX1752,ACC93792,4857.54,EUR,2026-08-28,CP2901
TX1753,ACC19528,1250.84,GBP,2026-03-08,CP2633
TX1754,ACC41128,8631.24,EUR,2026-12-11,CP318
TX1755,ACC72359,6050.72,GBP,2026-09-24,CP3722
TX1756,ACC38162,4091.27,USD,2026-10-29,CP1140
TX1757,ACC349,6797.08,EUR,2026-09-10,CP4065
TX1758,ACC41141,245.48,USD,2026-02-25,CP3375
TX1759,ACC41366,3858.64,GBP,2026-01-10,CP3946
TX1760,ACC64723,6997.92,GBP,2026-10-16,CP4111
TX1761,ACC83703,4667.97,EUR,2026-11-13,CP2697
TX1762,ACC36633,9816.48,USD,2026-06-30,CP1629
TX1763,ACC40466,6355.66,EUR,2026-08-14,CP3585
TX1764,ACC80056,3568.06,USD,2026-08-07,CP3788
TX1765,ACC31738,3139.61,EUR,2026-05-25,CP2422
TX1766,ACC92912,105.17,EUR,2026-12-01,CP2267
TX1767,ACC37071,6962.86,USD,2026-02-28,CP4669
TX1768,ACC15036,1585.84,USD,2026-09-09,CP3351
TX1769,ACC89890,2316.56,EUR,2026-12-21,CP3741
TX1770,ACC26780,560.52,EUR,2026-12-25,CP3477
TX1771,ACC71207,1520.06,GBP,2026-12-13,CP262
TX1772,ACC43370,3088.82,GBP,2026-11-09,CP581
TX1773,ACC78145,2222.25,USD,2026-03-28,CP3210
TX1774,ACC35973,7836.6,GBP,2026-07-30,CP4183
TX1775,ACC17066,4571.03,GBP,2026-07-27,CP4381
TX1776,ACC88332,9002.85,GBP,2026-09-22,CP2450
TX1777,ACC1,10.00,EUR,not-a-date,CP1
TX1778,ACC97228,4060.29,EUR,2026-05-01,CP1406
TX1779,ACC71349,7126.97,EUR,2026-04-14,CP1443
TX1780,ACC66762,3277.26,GBP,2026-10-24,CP3376
TX1781,ACC1111,6048.28,USD,2026-09-30,CP1772
TX1782,ACC1179,1186.38,EUR,2026-02-12,CP4091
TX1783,ACC58282,5006.44,GBP,2026-03-31,CP4530
TX1784,ACC79999,6689.3,EUR,2026-10-09,CP1639
TX1785,ACC46009,1403.06,EUR,2026-08-11,CP3788
TX1786,ACC17086,9746.4,GBP,2026-04-27,CP4052
TX1787,ACC78711,9965.64,GBP,2026-08-28,CP3580
TX1788,ACC96221,7883.42,GBP,2026-05-11,CP113
TX1789,ACC95902,7560.05,EUR,2026-12-22,CP226
TX1790,ACC58355,9997.86,EUR,2026-05-20,CP3932
TX1791,ACC72949,9068.42,EUR,2026-10-08,CP651
TX1792,ACC6866,3024.99,USD,2026-03-31,CP2347
TX1793,ACC53070,9733.44,USD,2026-05-19,CP2260
TX1794,ACC46591,6784.81,GBP,2026-10-15,CP2833
TX1795,ACC43338,8167.57,EUR,2026-02-15,CP1616
TX1796,ACC58867,5442.26,EUR,2026-05-18,CP671
TX1797,ACC35525,63.18,USD,2026-01-20,CP3409
TX1798,ACC15022,3512.34,GBP,2026-09-24,CP3289
TX1799,ACC28609,6706.13,GBP,2026-11-23,CP947
TX1800,ACC98917,7723.29,GBP,2026-03-30,CP3081
TX1801,ACC52089,2046.48,USD,2026-09-21,CP4560
TX1802,ACC32500,801.81,USD,2026-01-09,CP4937
TX1803,ACC86526,5174.44,GBP,2026-05-06,CP1370
TX1804,ACC47309,976.12,GBP,2026-04-29,CP4384
TX1805,ACC56865,6834.09,GBP,2026-04-04,CP3569
TX1806,ACC30148,2096.7,USD,2026-03-16,CP4
TX1807,ACC98997,3867.95,GBP,2026-04-15,CP3655
TX1808,ACC43233,445.63,USD,2026-03-04,CP4235
TX1809,ACC70778,9062.81,EUR,2026-09-05,CP1056
TX1810,ACC6454,8425.96,EUR,2026-08-11,CP1677
TX1811,ACC69950,1595.42,GBP,2026-04-23,CP2545
TX1812,ACC50672,1916.18,USD,2026-07-28,CP1100
TX1813,ACC68752,4424.02,USD,2026-01-11,CP3042
TX1814,ACC95422,368.35,GBP,2026-04-27,CP4170
TX1815,ACC17326,1198.36,GBP,2026-08-15,CP1805
TX1816,ACC78515,1577.42,USD,2026-11-04,CP2206
TX1817,ACC16190,2895.94,GBP,2026-11-23,CP1439
TX1818,ACC56783,317.82,GBP,2026-12-04,CP286
TX1819,ACC37869,1409.34,USD,2026-12-02,CP3406
TX1820,ACC97022,533.15,EUR,2026-10-30,CP4575
TX1821,ACC15451,5530.06,USD,2026-05-17,CP1951
TX1822,ACC18647,4589.9,USD,2026-10-11,CP3914
TX1823,ACC44167,1742.9,GBP,2026-10-05,CP4688
TX1824,ACC62889,3616.91,EUR,2026-06-04,CP1610
TX1825,ACC71322,4334.87,USD,2026-07-27,CP1800
TX1826,ACC24477,5271.11,USD,2026-03-19,CP1576
TX1827,ACC20809,5797.71,GBP,2026-11-07,CP2923
TX1828,ACC53792,2423.69,GBP,2026-07-09,CP515
TX1829,ACC22165,6556.11,EUR,2026-05-20,CP1893
TX1830,ACC50462,1566.33,GBP,2026-11-10,CP3877
TX1831,ACC24722,1791.04,EUR,2026-04-15,CP4116
TX1832,ACC67891,7297.41,GBP,2026-12-29,CP1935
TX1833,ACC1,10.00,EUR,not-a-date,CP1
TX1834,ACC33099,2960.51,USD,2026-09-24,CP991
TX1835,ACC36561,2740.66,EUR,2026-05-08,CP2366
TX1836,ACC29264,9394.7,EUR,2026-09-23,CP2545
TX1837,ACC83348,8197.29,EUR,2026-07-09,CP2213
TX1838,ACC17045,6129.39,GBP,2026-05-15,CP3509
TX1839,ACC1,10.00,EUR,2026-02-01
TX1840,ACC77733,2613.42,EUR,2026-01-16,CP901
TX1841,ACC56362,43.09,USD,2026-11-26,CP2658
TX1842,ACC75629,6958.93,EUR,2026-07-15,CP4787
TX1843,ACC80391,5510.54,EUR,2026-10-13,CP3384
TX1844,ACC71381,1898.4,GBP,2026-07-06,CP2118
TX1845,ACC31496,4097.88,EUR,2026-04-18,CP325
TX1846,ACC10509,1646.12,GBP,2026-07-28,CP3217
TX1847,ACC17019,4618.46,USD,2026-11-30,CP3514
TX1848,ACC70500,2456.84,GBP,2026-04-11,CP2591
TX1849,ACC87156,3611.92,EUR,2026-10-31,CP3219
TX1850,ACC27341,3393.7,USD,2026-05-23,CP253
TX1851,ACC29746,3119.13,GBP,2026-02-18,CP4481
TX1852,ACC61273,4557.99,USD,2026-01-02,CP4636
TX1853,ACC94476,146.3,USD,2026-11-16,CP4807
TX1854,ACC1485,6806.02,GBP,2026-02-13,CP4427
TX1855,ACC36794,1802.19,GBP,2026-09-09,CP3188
TX1856,ACC87022,4122.6,USD,2026-12-25,CP4217
TX1857,ACC1898,1.81,GBP,2026-12-16,CP4571
TX1858,ACC85813,7418.21,GBP,2026-11-04,CP3722
TX1859,ACC27740,1091.46,EUR,2026-12-12,CP4715
TX1860,ACC5916,7988.16,USD,2026-01-20,CP2661
TX1861,ACC53387,1907.78,GBP,2026-12-18,CP1724
TX1862,ACC93996,570.61,EUR,2026-10-01,CP4786
TX1863,ACC7088,9467.38,EUR,2026-11-14,CP1933
TX1864,ACC42989,6013.53,EUR,2026-06-27,CP4989
TX1865,ACC27310,5982.33,USD,2026-10-19,CP1355
TX1866,ACC47485,3610.14,EUR,2026-07-27,CP2234
TX1867,ACC40209,6767.24,GBP,2026-10-19,CP4437
TX1868,ACC2658,9760.55,GBP,2026-12-17,CP840
TX1869,ACC7140,8280.74,EUR,2026-04-09,CP4494
TX1870,ACC9169,8373.66,EUR,2026-12-29,CP1147
TX1871,ACC31482,6031.63,USD,2026-09-22,CP2884
TX1872,ACC53324,9025.48,GBP,2026-03-29,CP4243
TX1873,ACC88780,6229.89,GBP,2026-06-07,CP852
TX1874,ACC44911,4950.37,USD,2026-06-28,CP454
TX1875,ACC59925,9289.79,EUR,2026-02-17,CP2536
TX1876,ACC89424,6548.77,USD,2026-06-22,CP2840
TX1877,ACC35136,8131.55,GBP,2026-02-16,CP566
TX1878,ACC42617,980.47,GBP,2026-07-27,CP2854
TX1879,ACC16051,5582.71,GBP,2026-12-08,CP106
TX1880,ACC1818,6332.19,EUR,2026-01-25,CP2527
TX1881,ACC91129,8094.43,GBP,2026-06-14,CP130
TX1882,ACC99177,5233.25,GBP,2026-06-10,CP2010
TX1883,ACC10309,8030.39,GBP,2026-11-18,CP374
TX1884,ACC65740,6378.59,EUR,2026-10-29,CP1633
TX1885,ACC90162,9276.93,GBP,2026-05-21,CP1011
TX1886,ACC76913,7584.83,USD,2026-02-27,CP1554
TX1887,ACC88141,1087.55,GBP,2026-11-14,CP2220
TX1888,ACC68999,7006.49,EUR,2026-05-12,CP3693
TX1889,ACC30388,2614.47,GBP,2026-09-13,CP1907
TX1890,ACC43096,1408.35,USD,2026-04-17,CP4219
TX1891,ACC22394,4559.43,GBP,2026-05-16,CP4844
TX1892,ACC69791,5655.16,EUR,2026-04-11,CP2337
TX1893,ACC22262,6817.38,EUR,2026-02-24,CP3306
TX1894,ACC92152,4119.44,GBP,2026-06-09,CP2946
TX1895,ACC87254,8154.11,GBP,2026-11-04,CP3358
TX1896,ACC61796,6751.79,USD,2026-04-29,CP910
TX1897,ACC94024,5921.27,EUR,2026-11-22,CP4624
TX1898,ACC72605,5156.15,USD,2026-10-30,CP3226
TX1899,ACC10373,5171.9,USD,2026-11-10,CP2399
TX1900,ACC97748,7951.49,EUR,2026-05-06,CP2816
TX1901,ACC12116,9690.11,GBP,2026-08-07,CP1869
TX1902,ACC30272,6932.07,EUR,2026-11-14,CP4826
TX1903,ACC79413,9811.6,EUR,2026-05-25,CP3904
TX1904,ACC54342,3235.83,EUR,2026-01-20,CP1801
TX1905,ACC60712,7118.52,USD,2026-09-12,CP1274
TX1906,ACC83626,8201.29,USD,2026-12-24,CP1448
TX1907,ACC28500,5862.74,GBP,2026-04-08,CP2209
TX1908,ACC55193,2332.31,GBP,2026-04-17,CP3721
TX1909,ACC80315,4971.19,GBP,2026-09-12,CP624
TX1910,ACC34701,5991.3,EUR,2026-06-29,CP1691
TX1911,ACC92363,6480.99,EUR,2026-04-07,CP3003
TX1912,ACC40770,7696.46,EUR,2026-01-18,CP2524
TX1913,ACC97458,4262.48,EUR,2026-04-15,CP1108
TX1914,ACC34372,6416.92,USD,2026-02-16,CP3280
TX1915,ACC35213,2417.04,EUR,2026-01-29,CP444
TX1916,ACC29884,3180.59,GBP,2026-12-28,CP3071
TX1917,ACC23047,2763.81,USD,2026-08-25,CP4821
TX1918,ACC54771,1438.2,GBP,2026-02-27,CP4988
TX1919,ACC24178,1144.32,GBP,2026-09-27,CP2316
TX1920,ACC38257,5117.62,USD,2026-05-29,CP1192
TX1921,ACC1773,6582.78,EUR,2026-05-03,CP4102
TX1922,ACC84450,1451.57,GBP,2026-09-14,CP177
TX1923,ACC60718,3521.14,GBP,2026-12-21,CP4300
TX1924,ACC99342,3707.32,EUR,2026-11-09,CP3337
TX1925,ACC94971,1375.89,USD,2026-05-13,CP2870
TX1926,ACC96219,9530.67,GBP,2026-08-01,CP2383
TX1927,ACC84546,6069.81,EUR,2026-03-10,CP1422
TX1928,ACC79372,1887.6,USD,2026-11-13,CP3889
TX1929,ACC88140,2569.5,GBP,2026-01-15,CP2063
TX1930,ACC10410,252.99,USD,2026-11-22,CP1089
TX1931,ACC32212,6060.51,USD,2026-10-19,CP3552
TX1932,ACC88546,6067.35,GBP,2026-04-20,CP2383
TX1933,ACC34184,6184.75,GBP,2026-04-01,CP714
TX1934,ACC67133,5357.67,EUR,2026-03-20,CP2563
TX1935,ACC91111,2468.81,USD,2026-01-05,CP4314
TX1936,ACC272,488.29,EUR,2026-07-25,CP1580
TX1937,ACC17002,5221.75,GBP,2026-04-19,CP904
TX1938,ACC58681,5276.15,USD,2026-06-28,CP3876
TX1939,ACC25617,8603.26,USD,2026-11-30,CP808
TX1940,ACC57389,8747.56,GBP,2026-10-21,CP2412
TX1941,ACC17733,4543.96,USD,2026-09-30,CP381
TX1942,ACC8613,3936.18,USD,2026-09-21,CP836
TX1943,ACC2541,507.98,GBP,2026-09-28,CP3858
TX1944,ACC64665,4323.39,GBP,2026-02-25,CP3120
TX1945,ACC5388,4820.83,EUR,2026-09-22,CP1599
TX1946,ACC83643,244.51,GBP,2026-05-27,CP2644
TX1947,ACC67285,9510.9,USD,2026-08-23,CP3454
TX1948,ACC5542,7807.8,EUR,2026-11-11,CP2899
TX1949,ACC58741,7936.96,GBP,2026-01-03,CP4035
TX1950,ACC56944,6274.56,GBP,2026-07-26,CP2229
TX1951,ACC37813,8031.19,USD,2026-05-03,CP2879
TX1952,ACC20777,3822.04,USD,2026-11-13,CP2918
TX1953,ACC85634,339.51,GBP,2026-08-08,CP4303
TX1954,ACC59981,5588.13,EUR,2026-06-14,CP607
TX1955,ACC15334,1410.01,GBP,2026-04-13,CP1784
TX1956,ACC6982,1935.63,EUR,2026-01-03,CP4770
TX1957,ACC47909,8071.11,USD,2026-10-08,CP3124
TX1958,ACC71343,7081.99,USD,2026-01-22,CP2495
TX1959,ACC52510,852.67,EUR,2026-09-09,CP1561
TX1960,ACC91617,4150.84,EUR,2026-05-29,CP2826
TX1961,ACC3207,2928.09,USD,2026-12-13,CP4347
TX1962,ACC37313,2096.12,USD,2026-07-02,CP381
TX1963,ACC9001,6189.33,USD,2026-08-21,CP4675
TX1964,ACC16968,7852.39,EUR,2026-03-03,CP1450
TX1965,ACC98124,1999.64,USD,2026-01-24,CP3648
TX1966,ACC78209,6867.67,EUR,2026-06-01,CP248
TX1967,ACC11102,2364.01,EUR,2026-02-16,CP1790
TX1968,ACC59813,2319.13,GBP,2026-07-20,CP3976
TX1969,ACC97821,6192.17,GBP,2026-08-26,CP2179
TX1970,ACC73657,5851.05,USD,2026-03-03,CP431
TX1971,ACC40695,5564.26,GBP,2026-06-22,CP2911
TX1972,ACC79113,5154.14,GBP,2026-03-02,CP2821
TX1973,ACC23178,4222.78,GBP,2026-12-11,CP3842
TX1974,ACC93532,7784.02,GBP,2026-01-22,CP966
TX1975,ACC90662,290.03,EUR,2026-08-14,CP888
TX1976,ACC41435,4591.49,EUR,2026-08-28,CP1864
TX1977,ACC55507,5391.37,EUR,2026-01-03,CP2492
TX1978,ACC3657,5171.02,EUR,2026-08-12,CP761
TX1979,ACC75849,3467.92,USD,2026-07-05,CP361
TX1980,ACC87463,5016.98,EUR,2026-12-31,CP2000
TX1981,ACC41354,7078.75,EUR,2026-12-06,CP3464
TX1982,ACC82660,4819.64,USD,2026-04-14,CP4913
TX1983,ACC36386,133.88,GBP,2026-07-07,CP3147
TX1984,ACC9707,3959.06,USD,2026-04-01,CP4187
TX1985,ACC30975,469.09,GBP,2026-11-25,CP2875
TX1986,ACC52407,6889.37,EUR,2026-09-02,CP2594
TX1987,ACC52558,1682.47,GBP,2026-10-04,CP4171
TX1988,ACC1,10.00,EUR,not-a-date,CP1
TX1989,ACC86093,9786.8,GBP,2026-12-04,CP2826
TX1990,ACC53393,315.29,EUR,2026-12-05,CP3911
TX1991,ACC70993,2089.82,EUR,2026-02-22,CP3677
TX1992,ACC80333,9660.12,GBP,2026-05-05,CP739
TX1993,ACC3776,6972.69,USD,2026-02-28,CP4178
TX1994,ACC53806,8658.26,USD,2026-01-16,CP1343
TX1995,ACC58849,3590.09,USD,2026-09-27,CP844
TX1996,ACC42771,6857.41,GBP,2026-06-23,CP3375
TX1997,ACC29276,918.85,USD,2026-08-10,CP267
TX1998,ACC86994,5015.64,EUR,2026-05-29,CP195
TX1999,ACC93767,2288.79,GBP,2026-03-31,CP2485
